case_id,source_row,containment_group,dataset_split,image_sha256
AASCE:000,0,2c851ede5eb4ef505b896503de662664e9eddafe74701f4b559713b81b63e286,LOCKED_BENCHMARK,0b2c461b36715baa8f963bbc099c9e3acfb2e2ff1228a924ab3d5766b64ff783
AASCE:001,1,2c851ede5eb4ef505b896503de662664e9eddafe74701f4b559713b81b63e286,LOCKED_BENCHMARK,1f59a522e25c1d9c73ef047e8f0db966c99219381080832279d414be957d95ba
AASCE:002,2,106825b01746af66b0970bedbc9d064698916925672a1146d1d94e253ee35082,VALIDATION,e7445844d3924716545d0cf7e75bb00747fdb774d210368f5019c7ef3e81726e
AASCE:003,3,106825b01746af66b0970bedbc9d064698916925672a1146d1d94e253ee35082,VALIDATION,8dd35cf4f3dab3a090e92c6d6077ed87332f1837401f46dc5dfdefde7403e9cf
AASCE:004,4,96e9349bebda5fbb1050511947ca1bca6bcb2f4ef03de7b77f0c675d0ec4c0ea,TRAINDEV,4fff9586c8b6061f4ed7f38350f379a021e858ed56dea464b6319841426b7dc2
AASCE:005,5,4283dc0c4b010035c77fd94dd18d2e318408519bcf17d3c624adf2397700a39c,TRAINDEV,ed09fbf43f17c2b22067a6ed30572bde8cab98a748a98f404357ec7276eced7a
AASCE:006,6,07568a1df7af3af9e5adedef38ede41fc730387eb52518f0d37f23859c0ced6b,TRAINDEV,033aa826b90af83ed36799dd0005ed36f4720cbfbaa00be82461ac4f8dbe06f5
AASCE:007,7,07568a1df7af3af9e5adedef38ede41fc730387eb52518f0d37f23859c0ced6b,TRAINDEV,af3ab59df23946c7a142b2e45a28af4ba25235290ca727e3fa70fe576e20ad4b
AASCE:008,8,810b468ac526e5ecf126927b5dae71aa8f8cb151dbb0739c0feeff410760ae30,TRAINDEV,543776955922f315bc54a8f7f5fcd8d06c9add4fe0353c0655334490fef8ddce
AASCE:009,9,810b468ac526e5ecf126927b5dae71aa8f8cb151dbb0739c0feeff410760ae30,TRAINDEV,d62b1bbe1fffdc81f02753ead03c5ade4317a2b0daac4d440f59d0c429bb2bd4
AASCE:010,10,b6e2628a8bd9089a06577be376ac8af344eecc38a5bedb6dfc2f580bd04f4c41,TRAINDEV,9209ba8373c507699df68b50691769b9740bc89bc64a9838f8ec88e17cedef29
AASCE:011,11,55148c0c25543857bb675d6ac9a61cd54a7097e0bb136b30dc1c23891b9f2ad8,TRAINDEV,7d492e49bbfc2f3b3359b0fdbefa7871422931d65fdeb7c4adc61275e78fd0f5
AASCE:012,12,03840f5c8c17b27abc149aa529d86f248ef5630980ab9e2796c08984b4d24a53,TRAINDEV,8a633adcecd85bc53c712614f537ff8024909e8a04ccf85eecbf10244abcff94
AASCE:013,13,ef7891eb27cc1374992a1f7934e02fde0a6586306f91309b14b285464e84ca34,TRAINDEV,f484f0f7e1bf650bf88ba3251ff16c7a26d05ddf92abd8eb697b935ed3c661e8
AASCE:014,14,ef7891eb27cc1374992a1f7934e02fde0a6586306f91309b14b285464e84ca34,TRAINDEV,ad309b331f6a8d2f1fa474573cf6a81c2d40dd17bd56881a5b89d6704df6aab0
AASCE:015,15,3318a3fb45d412161e9d074cf6f3109980f5ea1e5c26aa2c62c7c6b80362bb94,TRAINDEV,1b0eea8f4b97975e24db88d1d97d146a80821009082da91b1f68498de58b7bcb
AASCE:016,16,a4328741dbbd842ae0e3c5151072a11e315b9ed8c6e26e46119ff373b773fcb6,LOCKED_BENCHMARK,813ba491cc1d962076f6139c8d7bbc12605ae3a0c9c11cf97a44f1a25848fe20
AASCE:017,17,5a5dc8ae864fbea012c9822429ff0cb8a714486bf9cf037181220d133d711477,TRAINDEV,ea0ec6b3f418f0c51214cce0516fed26c59778746db789c627a86709452f96ba
AASCE:018,18,7d4f7b14444a664804ca4da0d91aecb9aa70cea2c961334beab4b29cac3cb2a1,LOCKED_BENCHMARK,151664ab9d21a47a9ec52a5820c69f678fcc4d93b273d1ee24ced4ef1d4abfdc
AASCE:019,19,073d758f3a55e4d1ef83c0d95791f1ee4a3c7c1e215a6953980000cede426ea7,LOCKED_BENCHMARK,289ee15f5562f12a363ce33c92456f40860562598c2d52f3df6b461f0f6ab691
AASCE:020,20,e4fe3cee93ac17159197d5b0ca25680ea47bf7b719efc18bddbc25840adeb916,LOCKED_BENCHMARK,ada04c988fc8ae1ad431ba5475e19688a894667274e17bcc0ca4ead173495119
AASCE:021,21,e4fe3cee93ac17159197d5b0ca25680ea47bf7b719efc18bddbc25840adeb916,LOCKED_BENCHMARK,c988f861c11ff5883d97a45b4c22be7b81cd0e64ce7e87aa73cd7cbfc7ac66c7
AASCE:022,22,e4fe3cee93ac17159197d5b0ca25680ea47bf7b719efc18bddbc25840adeb916,LOCKED_BENCHMARK,fe2ac11518b4fca530663b98461656bf8b0b385a23f1c957a6aa8978af2670e3
AASCE:023,23,8a199e271660cd4d1076be3622e1df5b6c26c2b62a78382e70f7ddbd1e5bf003,VALIDATION,4e12f343e9c57ecdce1620959facead71c0c120d53c08616a1a8b2b6c9e66680
AASCE:024,24,8a199e271660cd4d1076be3622e1df5b6c26c2b62a78382e70f7ddbd1e5bf003,VALIDATION,022c2678445628a4626c5267db3f906d79b87800f38499301f350bf4976744fa
AASCE:025,25,51e97b587ec9ffe4986a96dd98a92f364098b80b569639a356acd2eb1e320efc,TRAINDEV,0dc63cdd43c8f38aae6cce189d8faaee3de0f1353490ee12cbd232793ab83cdf
AASCE:026,26,c5fb02766fda8cfdec29b6e420c8e2d8f8dbdd24ca43fbb9958e97bb13ce629d,LOCKED_BENCHMARK,97aec5e975967c8ec47f41b39c19a2ab82daf6a0946962cb47123e865fe49f53
AASCE:027,27,357da68138f6a75b3ab11bdad22fbb5044930d3f81aa8de45cc9c6958ccac536,LOCKED_BENCHMARK,ee8abfae5f271f1c48f1fbb8721fac7036e62cd3df26a0d4a40bf516c2ccd245
AASCE:028,28,7588d9bf800e07e2f7a7d395102cffb52a5df98e5501cfa9477273921b745a9c,TRAINDEV,ddfa1f36b4dfacd184bd382d191dad08e5ac1ac8de9b7730385a9090bbad0c23
AASCE:029,29,7588d9bf800e07e2f7a7d395102cffb52a5df98e5501cfa9477273921b745a9c,TRAINDEV,6f17cf3180727078e7db66a234b02699ba3ebfe09175ce2cc0c71fa4e592aee5
AASCE:030,30,7588d9bf800e07e2f7a7d395102cffb52a5df98e5501cfa9477273921b745a9c,TRAINDEV,04da64d08f10dafb4a3398ca4f60712ff5c2d855eb25a7b138aea77dbf04c537
AASCE:031,31,f1cba11af4dc6ffb12ce8237f20692718edb178c61f1196882f3094ca2039261,TRAINDEV,851db8ff1d20017677485ef58d53ca225469cd88bd83bcba4d35440f0c91b051
AASCE:032,32,9e392096f90a7cccec2378a8736062da73a3dae73c90e360d3c00a4a3c9a7e4e,TRAINDEV,f17b734aff27f14bdfb234a70422584c8e0143a031d80ff51d1fba8ae53f1324
AASCE:033,33,ab3f6e357e47df66e149f66aed00947b6dd55e6f642e8d4c9d8bca05f45ab3b8,TRAINDEV,2ce57a69c6a46d61c87e70cd3e58219ac6defccac63e746bece5cf17216e5e4d
AASCE:034,34,2f1fde60f1529e539c72b2ba64d2f05c37520df4c135ba328062b7b7f00e8ef2,LOCKED_BENCHMARK,30e0c4c6a49aa045bd89f42b4ed3fff6f161d2e763a983f39b940c3fecc52bb9
AASCE:035,35,677f0d49b76ee5b76d0d84292037561c80f4845f2fc9fb96ad0f3654f13cf82a,TRAINDEV,64387e2f88b9cb5cb2b071ef04a56e42fc49c33c80fc6313cbf57c72cbe37998
AASCE:036,36,2e3f19ad0e88ba323fb871216f1f9a929e029b5ef39b18a0cf314b8c068b4def,VALIDATION,57939b5665e38ce29f8c3d878fdf9353bfe29333ff19417a5a7ac0bc99427ffa
AASCE:037,37,7712bf2a34aa20a34113130b915e7f1b2aeade84f30ef240140edd5f9c88e798,LOCKED_BENCHMARK,aa4f1573d1a229fec9b29d6c77bbae10bdf5b696e2efde128b9640e92e58d9f7
AASCE:038,38,d8b6ce5e2444664e24e8e10f25a0118a2b5793f8f2b5e6604addd782e337fe99,TRAINDEV,3e4aeaa282c332a2f7ff2ca191e429d0f6ac1b828257e18531d525e3bccb9e34
AASCE:039,39,cb6f85182380667e086a589bf52b849a1478a0f5327e678302a34aad0fd88372,LOCKED_BENCHMARK,ee4dd064b8c35091cd535dd17683118636d103df21876dafbeef5aff09526980
AASCE:040,40,eea8d902cfda73b85e75eba0c8c9a2346b7301d9ee9479994f5a581a4e478fd3,LOCKED_BENCHMARK,d8b1fe5d8d4e3455a55561602f4215f132f4ef66ad5c352a46afe2c42d29b674
AASCE:041,41,eea8d902cfda73b85e75eba0c8c9a2346b7301d9ee9479994f5a581a4e478fd3,LOCKED_BENCHMARK,46789c7d7f1fa2a43957697f422766916932e439b7ef8e11688e685c5a418308
AASCE:042,42,eea8d902cfda73b85e75eba0c8c9a2346b7301d9ee9479994f5a581a4e478fd3,LOCKED_BENCHMARK,b15607fc7096a5f3091247800d7734920c241d2b0c55c6d0ffa4f6dae68408f7
AASCE:043,43,eea8d902cfda73b85e75eba0c8c9a2346b7301d9ee9479994f5a581a4e478fd3,LOCKED_BENCHMARK,1bd24723f1d9cd313aaf8d558c3386f971312842c579e7f2d8076c812f1082d1
AASCE:044,44,d60c68a1ec429ec296b61feb7c4c28a7a56ffcfc3adb4742e55accdcaff84f2b,LOCKED_BENCHMARK,045e18743233bc60551dc4f7aaafbd537764f6c6ecae59a24860fffe99d5b3d0
AASCE:045,45,d60c68a1ec429ec296b61feb7c4c28a7a56ffcfc3adb4742e55accdcaff84f2b,LOCKED_BENCHMARK,449821610b9daefe5b8c8bc4e0543d574d175b38479f21434377a8e58d669c98
AASCE:046,46,6b3d7045b2d6d207b466b94115f95777dca4c3d6dd3cd2ddb2a40b95713ec012,VALIDATION,759e910a338f78597b6f9d4cbf947ffae42ca4c1a69a6cf7d5a5b4c4e763e8fc
AASCE:047,47,6b3d7045b2d6d207b466b94115f95777dca4c3d6dd3cd2ddb2a40b95713ec012,VALIDATION,d57544236d5cac19c8ae6211b7b15406ec2ba5b088d71155b972b576b66bb070
AASCE:048,48,6b3d7045b2d6d207b466b94115f95777dca4c3d6dd3cd2ddb2a40b95713ec012,VALIDATION,c0b23e40d9469c94d015f271d9c4656f500d6f93ec3621573b910a8ff942e6d9
AASCE:049,49,6b3d7045b2d6d207b466b94115f95777dca4c3d6dd3cd2ddb2a40b95713ec012,VALIDATION,10d1936fcd4739c9a45b7bd6700a9e4a42f4b4af36eb7a592d8842616e3d53ab
AASCE:050,50,4240ab835eb9bf0c9d49ccf1ff65b74fde31ca554de03d3e82ac76475e070631,TRAINDEV,ec3d1f8602f480acbcbc188e5b6c052f456df1f05e5cd0f4f58dd539a9bf344f
AASCE:051,51,4240ab835eb9bf0c9d49ccf1ff65b74fde31ca554de03d3e82ac76475e070631,TRAINDEV,ac804036194393a6f5b75d11a27665c969919db8d1313596b821d0ef6e15bc69
AASCE:052,52,4240ab835eb9bf0c9d49ccf1ff65b74fde31ca554de03d3e82ac76475e070631,TRAINDEV,a73aec474daad841309bfbfed6d54b8b48eb73d6637292808fcf8c4a839a1929
AASCE:053,53,4240ab835eb9bf0c9d49ccf1ff65b74fde31ca554de03d3e82ac76475e070631,TRAINDEV,2570d54d10a1c70aa832fce7aea1259ca4fdca9e35e9a998f3e33f6bf257b791
AASCE:054,54,4240ab835eb9bf0c9d49ccf1ff65b74fde31ca554de03d3e82ac76475e070631,TRAINDEV,d031db35a979ba30c2d2a4683a75406ef4a7a493a4f04b11ee6ad577a776a6b3
AASCE:055,55,c1090e208498193d8f8b4840f2ce4f0b2b6d9743f51b404aa62355902f3286e4,TRAINDEV,a11e22725d318298e240ca704419670dec3ea0456f26f9bc85d35c9951019066
AASCE:056,56,c1090e208498193d8f8b4840f2ce4f0b2b6d9743f51b404aa62355902f3286e4,TRAINDEV,43bab743504926b806bfe175723a0db0530f77aad7c979005a0183ec9cf64b4a
AASCE:057,57,c1090e208498193d8f8b4840f2ce4f0b2b6d9743f51b404aa62355902f3286e4,TRAINDEV,fba51f14f093e743701d97abe2da015465f26b5f95768f5e76d8cdeb1ad78b5c
AASCE:058,58,b2d2ee7e1c9a63fcacd19fedfa005a7905f820f9c9fd1849fbbe3d5eda746983,VALIDATION,1930213b2a6e8922edddeef9fcf86a15a7e3c2105f31876536e623fc31e5a698
AASCE:059,59,300e81572b8223e0df8d2f48d32e09863bfc0b0e93b0b99ab8820ababb0d6bd7,VALIDATION,a58c61b36800e0cc1739d584d9d5ac87a534ae2d0aa7b33914aaa64a32b85cf9
AASCE:060,60,f504825a72350f68057ed9e1daf5fc6647858065e8dda45ef2093b6e3210b5dd,TRAINDEV,a1978b8c0ad534bd6b344068379e36e8f86b702abc2bed6bdde362412db56d63
AASCE:061,61,f504825a72350f68057ed9e1daf5fc6647858065e8dda45ef2093b6e3210b5dd,TRAINDEV,dba6de3a585df2a5559d9318a26d1584bf86558d6ba9e9677b7536a28a23f2f3
AASCE:062,62,f504825a72350f68057ed9e1daf5fc6647858065e8dda45ef2093b6e3210b5dd,TRAINDEV,1a582d0412f430a05d221278064c60e179f8bdcb772345d95b2cd14ba51f230e
AASCE:063,63,64784d27404e7fd81be8ee15a6c8a2725f6f010564a94bb357df05cf55715128,TRAINDEV,8b4a63290805d85df6888c8a6bb8cf60d6c93252d54ad9be4179644101346d0e
AASCE:064,64,920e79455f7fa4735f04bde948de2f7f280133e5c6460c9bf309ededb3a8f9ae,TRAINDEV,8f1872cf071e1bd803ec628f129ad1cdfed136a7d6a4b9b38d51e92b8b3ceeff
AASCE:065,65,920e79455f7fa4735f04bde948de2f7f280133e5c6460c9bf309ededb3a8f9ae,TRAINDEV,4d3cd6e8aa3176ec49a137257dc20bca7bf242a088634081040d80af1d5d1425
AASCE:066,66,920e79455f7fa4735f04bde948de2f7f280133e5c6460c9bf309ededb3a8f9ae,TRAINDEV,5001bb2d5d3fcfc9ec96c19c3fc4b2a9b1307479262948fe546e5de97975be36
AASCE:067,67,920e79455f7fa4735f04bde948de2f7f280133e5c6460c9bf309ededb3a8f9ae,TRAINDEV,123fd1cc4c0466eb604f5e681e47f0c36a1a26a98ad300402301c1dd654cc6b0
AASCE:068,68,920e79455f7fa4735f04bde948de2f7f280133e5c6460c9bf309ededb3a8f9ae,TRAINDEV,65645d72ecedf8f12d45b6234d6077cf74d3c9f0bcfc64d2b480976135686e8c
AASCE:069,69,c3da601791c98fb84b94f08b91766342905c32c0264f3604e8414602d4c8e0da,LOCKED_BENCHMARK,b16dea2b4bbad12bda38c1aa1485901a93aab98982c6bcfe5648327fd8971b19
AASCE:070,70,c3da601791c98fb84b94f08b91766342905c32c0264f3604e8414602d4c8e0da,LOCKED_BENCHMARK,69a3c3e7a32f96f87b1facc4d7e57fc568b6d4b553fe080ebbdc4affc2e5f982
AASCE:071,71,5a6edab55eb9c2fe2b1b64610f778b4692bc61034cda5d0a9dc49bf4ce49e152,TRAINDEV,725eaddf3c29a0515dbeac40f0fb051557594c0796c9ca833944a3b37bb89c1f
AASCE:072,72,5a6edab55eb9c2fe2b1b64610f778b4692bc61034cda5d0a9dc49bf4ce49e152,TRAINDEV,995630fa7f4bf09a1f6094cefb9fb14fbccee2205cf37c2b7b71e060424543d3
AASCE:073,73,689fb54f364145e42d1991a301ed487d77ab42e1c832f10c7cd0e486958410e7,VALIDATION,30b996dc952faa63ea5777249498c6f6caccbcecb7733bfa0fee2af835d839e2
AASCE:074,74,ea57a7ca09b97102cfa185a58a0d9a60006e4d52f2ffefaebe34a1ca68e676e6,TRAINDEV,042bc8dbdaae7bfa6e5bd2617a5b0697a9a2ba04bb8ff53b45a4d09a23989c7b
AASCE:075,75,a3c80795cee435f14fad93217799af152bd664d5f867be825aad51ef5c4f28cf,VALIDATION,2bee7d2f49942c7d1982a85d2080dc2665ae8574bc60317abcc7f16f8d51970d
AASCE:076,76,8d55f2868b36a21f835b4e01852655fbb94416ad8ebd5a1f12451775a56dcdd3,TRAINDEV,1be3bdb58f46cbaf87318df1e88089d546dee24b485945edd56a29109ea3fa34
AASCE:077,77,26ac9bb34e2d553dd04e445bc0a4377d86232b2fcc97c35b21eb1594c83d8b22,LOCKED_BENCHMARK,4fd145df0f00f9ed2b79d89c26f8fd74c53efd05b4a5d18771baac49d3dcdb8b
AASCE:078,78,26ac9bb34e2d553dd04e445bc0a4377d86232b2fcc97c35b21eb1594c83d8b22,LOCKED_BENCHMARK,9a32e6c8fc6fe2dd79386b8a4ba8af86c9bb76ef8cf96a0092c1310ac8450d97
AASCE:079,79,26ac9bb34e2d553dd04e445bc0a4377d86232b2fcc97c35b21eb1594c83d8b22,LOCKED_BENCHMARK,d8cc917f6e6405590b2592052dd672b7d4ab9b9b5b132fc1895cf132d89def30
AASCE:080,80,9bdab979171c4d13b1febe1f5db5708fb06868380ba41e60e322c172f3313524,TRAINDEV,548be4a25b0ab420c0683f09993c87425139d4bb43f0f741004b0e777c712d51
AASCE:081,81,9bdab979171c4d13b1febe1f5db5708fb06868380ba41e60e322c172f3313524,TRAINDEV,ec148711b55757025f4ce50476147dc8c47f5c0266dc7154e06487237d7a2ba1
AASCE:082,82,07b74edffc535a10645accf1c6bd14041b023c2082e2a2805954fcf28aaec83b,LOCKED_BENCHMARK,5afccfe1033d0d2e496971fc6694b44aa1a49ff1939795fd2eb6c438b19df5b9
AASCE:083,83,07b74edffc535a10645accf1c6bd14041b023c2082e2a2805954fcf28aaec83b,LOCKED_BENCHMARK,e180812392c71018c46bdea45ab12cb47a856297124a23c458a072a87deb4cd2
AASCE:084,84,07b74edffc535a10645accf1c6bd14041b023c2082e2a2805954fcf28aaec83b,LOCKED_BENCHMARK,05f67762066c01b2791b38ee9794f1f3c375e69f85d3e57a4255cecf6bd87a62
AASCE:085,85,07b74edffc535a10645accf1c6bd14041b023c2082e2a2805954fcf28aaec83b,LOCKED_BENCHMARK,834fd45e08a49ece78c2e76b9f5894e2e9f201440b0ae8254b2f41931cf87a32
AASCE:086,86,07b74edffc535a10645accf1c6bd14041b023c2082e2a2805954fcf28aaec83b,LOCKED_BENCHMARK,b7e2fa8d07c595f822f87854e9b4e38e9a3283ba882be28d7825c57a95ae25ef
AASCE:087,87,35d956754b52045b13a8bd7741d1362475b70b614a5ec60536a4aa6139c160b9,TRAINDEV,0871657b87d3013d71d02d4841e82446a38afa8cf12514fb03da9bde58e6c487
AASCE:088,88,35d956754b52045b13a8bd7741d1362475b70b614a5ec60536a4aa6139c160b9,TRAINDEV,13a4cd5988af19c0327c8428a9ec2c7b81f38520fd9fa80c7f0eb5f144fb42d5
AASCE:089,89,4e4be25b1d6b103d34f27d5aae64a07ecf9b23d3e2c2f661c7046ff639133c5b,LOCKED_BENCHMARK,ffc5982ce29e621702ddadab72a354b7c6575e5c64566b6cbc9a94915cec5bf4
AASCE:090,90,771a81429557f5235cea0d5b4b5d85d27f64ffc5f1fa67f88802f1fa969100e2,LOCKED_BENCHMARK,bcb147443358f2e298610e9ab2dbb3c27292c67031c40c42898c525aea8a2dcb
AASCE:091,91,97d5adeac4911ecd0dd9e47752d5b198307acd213b5b95f6e4c261036b937153,TRAINDEV,02d06986ff79cc010f3d2617836d31f8e133b4fd1bffb6c9bcfa6feface9dec9
AASCE:092,92,97d5adeac4911ecd0dd9e47752d5b198307acd213b5b95f6e4c261036b937153,TRAINDEV,b081e9035d6beaa12086d3f5fb4483452271dcd793aa084410a827408a29ea16
AASCE:093,93,97d5adeac4911ecd0dd9e47752d5b198307acd213b5b95f6e4c261036b937153,TRAINDEV,28e634fd330d8a4e52bb62a22457d74dba394df5dc4eaf3fe56061a217920f7f
AASCE:094,94,0db47350ec32e18b745024c545b8278212de0797fd1f1655557e3a3c035a543d,TRAINDEV,cb50d91d38dc087cd66f09bac9453d2d8dd5e17fb0bb3210b69f1988a0c99a87
AASCE:095,95,37669ae69c6c828e5f5a68b6b8cd9c38e726a6c97f5eedd3873ffefb9ccd1026,LOCKED_BENCHMARK,5f2046757ca6dd0671afa6628965db5cd4fbfff8e5d62c1645fb8d3db7719d44
AASCE:096,96,37669ae69c6c828e5f5a68b6b8cd9c38e726a6c97f5eedd3873ffefb9ccd1026,LOCKED_BENCHMARK,bab4fee0e617fa5d924c9fc872a782c33535d19f4e94524f86737ada92a12e7d
AASCE:097,97,37669ae69c6c828e5f5a68b6b8cd9c38e726a6c97f5eedd3873ffefb9ccd1026,LOCKED_BENCHMARK,649382907110365665dc507961c66227cb9c39169a1be47479945b750136f6ed
AASCE:098,98,d724b5038654bfc31839b087622e7a75c2eac50159ee3d9ffb3c4289b9c21352,TRAINDEV,da17e3c055cbf39a89abf00f0a7be84981bda7097ecb470b69effef68ffa5adf
AASCE:099,99,d724b5038654bfc31839b087622e7a75c2eac50159ee3d9ffb3c4289b9c21352,TRAINDEV,7f1d3d73d0161f3d4b95ffed502d96ae8db25c75da0a97b8329b09c2bfdcc3cd
AASCE:100,100,f13586af5fd9f22c6a2b14952ab57316159001658ac8555e9ceaa78b4b5be396,TRAINDEV,4f0704f7ff25446edbc9d87abfd72ac55f126e71e5e2b4091bc8c42fb803d650
AASCE:101,101,8d1e9e6040c3535136e24f8088f8ba66190c9ca4fe425d1729b929f4a058407a,LOCKED_BENCHMARK,078c2a074e9a9ab269b5a94a5f76fc884c81e836143831f542d91c34b433c27b
AASCE:102,102,8d1e9e6040c3535136e24f8088f8ba66190c9ca4fe425d1729b929f4a058407a,LOCKED_BENCHMARK,44cd3b2eaf01a9ad0f5aa2d8b9f625d018c9d910c9f482ed93dbea9fc7dafe7c
AASCE:103,103,8d1e9e6040c3535136e24f8088f8ba66190c9ca4fe425d1729b929f4a058407a,LOCKED_BENCHMARK,4e474e96e07a2f8dff0b480ad7cd06fd6de35bb52a599dd341d6253cac7cc7ee
AASCE:104,104,8d1e9e6040c3535136e24f8088f8ba66190c9ca4fe425d1729b929f4a058407a,LOCKED_BENCHMARK,ea52072a9dfd1299ede7bd93e36f15938e93ff5655a692ba5da6587157311d21
AASCE:105,105,8d1e9e6040c3535136e24f8088f8ba66190c9ca4fe425d1729b929f4a058407a,LOCKED_BENCHMARK,e19434b460e12a07fcb6b87bbd52c1bf666b4be0f4344348bda0673ef77b4b3d
AASCE:106,106,bc7951ec86f8a37494d85e22749a2ff52b677c70a1f411e49fce880be8370c69,TRAINDEV,0fbc47ffaf47e5142907d728150dd386bee416e6ce6e59a0807d626d00e041b7
AASCE:107,107,bc7951ec86f8a37494d85e22749a2ff52b677c70a1f411e49fce880be8370c69,TRAINDEV,d35f294271365d857d806b8f3acc7c0a49852b5dd32930a8e887c2aa9668708e
AASCE:108,108,bc7951ec86f8a37494d85e22749a2ff52b677c70a1f411e49fce880be8370c69,TRAINDEV,64563021e10f4fb0681239d698bf82e72e4751d3b61ce98675cf036316e50f42
AASCE:109,109,bc7951ec86f8a37494d85e22749a2ff52b677c70a1f411e49fce880be8370c69,TRAINDEV,ff9c1c9d1cce165e58ecfc9f022e9952aa856b154b3da73b56655b6fabcfdc24
AASCE:110,110,19eb1e84a8f734030cd7b770041e4f9f32f79e41fdcb5ed2894877185916df95,TRAINDEV,6bdedb4866647922f103bff3de6cf17b19e5797284364d81e7a929862173ea5d
AASCE:111,111,19eb1e84a8f734030cd7b770041e4f9f32f79e41fdcb5ed2894877185916df95,TRAINDEV,63faae064d069cf642bd9bd1bbc82c691a43cf874862a13a6a9added2254f305
AASCE:112,112,6c7bf42872eff26ba5dadfd406ced00627c8b5c2cf0bda251bda028793c53024,LOCKED_BENCHMARK,9391ce090a000ba0547c0a68c5dd34376c34e51ecb5196fbb6265e52707d4258
AASCE:113,113,6c7bf42872eff26ba5dadfd406ced00627c8b5c2cf0bda251bda028793c53024,LOCKED_BENCHMARK,5eac334e0048df676845605720828f03e3cf93d5123a529a61d4d6afb01659e2
AASCE:114,114,ed2dd04de425dc9a671bb2f47777df511cf1e1e6089a30bfae0ec23600e3c66c,LOCKED_BENCHMARK,4f57719d7f8bc45128cb691bcc46d3153d7a51436cfe90a44de53e934df46386
AASCE:115,115,ed2dd04de425dc9a671bb2f47777df511cf1e1e6089a30bfae0ec23600e3c66c,LOCKED_BENCHMARK,ce08049f96988a61ad877face2fa4c80263d8614e273b3a683290ea7aee67efb
AASCE:116,116,8a06a2d30193963a3246c63498246b133a76a4abad60cbaab979a84a5c9e74b0,TRAINDEV,eb0557d9450cf2080ab78f4f056e5f66900693a134a484858aa997a8e4561218
AASCE:117,117,cd0afea0b4111b2c23040a59ad2392da17edf6e431960ab54f6328df60040c69,TRAINDEV,2eb4996343cc7bf7a894ed03c04eafeb31d0d349f6cdd548333a745e9b812ac8
AASCE:118,118,cd0afea0b4111b2c23040a59ad2392da17edf6e431960ab54f6328df60040c69,TRAINDEV,532b091ef0a4918d4a16504f27b360d3836490438b9c98f5465674dd9b94ac3f
AASCE:119,119,a46ed88869a4fe296c71cda134d7be39e9a0a98882e3d88ca6a9052823464338,TRAINDEV,0e30ada7a67fa32d0c5ba1473df34f4231ca5d54caea262b1bc2e2acd7b3e884
AASCE:120,120,ed0b721c2e738717dae6a64a4ef7cb7f622b79f65d7d976cfe0cb526e2e5f052,TRAINDEV,a49261b35808edece96aeb1ca4ff49d726b49bcf0997778b12619022114a5e26
AASCE:121,121,eb12bb0897afeb2382bea573ddd2eac5b5f8ba0a71fd4c3a2e9db08cbafb15de,LOCKED_BENCHMARK,1d9e2aaa2fb91a1fca039f3572470dd0d2856a295957c57d58f76f48ca40e3f0
AASCE:122,122,eb12bb0897afeb2382bea573ddd2eac5b5f8ba0a71fd4c3a2e9db08cbafb15de,LOCKED_BENCHMARK,de71810e235ec70e26adc5e0de2da94656586665a7ad3c9d1f1b9e38f2f65de9
AASCE:123,123,eb12bb0897afeb2382bea573ddd2eac5b5f8ba0a71fd4c3a2e9db08cbafb15de,LOCKED_BENCHMARK,41e5768fb31043e707b54678c1cfaa5740e3f7df6ef92a9cda05db873939d401
AASCE:124,124,eb12bb0897afeb2382bea573ddd2eac5b5f8ba0a71fd4c3a2e9db08cbafb15de,LOCKED_BENCHMARK,3d43547dca569a42c63794c4b6f44e5ecf9b53a782057fafe9949fa450eaf196
AASCE:125,125,eb12bb0897afeb2382bea573ddd2eac5b5f8ba0a71fd4c3a2e9db08cbafb15de,LOCKED_BENCHMARK,b8359f81cba2e6afe729025978db24053cf94a3be1f71a189e7d4aefc083f0d6
AASCE:126,126,eb12bb0897afeb2382bea573ddd2eac5b5f8ba0a71fd4c3a2e9db08cbafb15de,LOCKED_BENCHMARK,d2f2ae0260f0871de44d9bce4a08c1562b0f502c18c1ae0ca0d131881da7fb37
AASCE:127,127,eb12bb0897afeb2382bea573ddd2eac5b5f8ba0a71fd4c3a2e9db08cbafb15de,LOCKED_BENCHMARK,ef3f1e15c467ab65e05081bda137d6dd5134438a5906621bc961832e492cb6a3
AASCE:128,128,9eefc68542f3707430c941b9988c1454527dcfa74620c44ee143df3da26706b8,VALIDATION,a597919a36412bff39a2b4ee77b1d694d5b0a018bbae55aae6621b86e4303350
AASCE:129,129,9eefc68542f3707430c941b9988c1454527dcfa74620c44ee143df3da26706b8,VALIDATION,5fbc0fd53baf54d23f8c56d17db30475dcf0b6e884024d906d2850bbefbd4eb9
AASCE:130,130,9eefc68542f3707430c941b9988c1454527dcfa74620c44ee143df3da26706b8,VALIDATION,65eb4668f0215fb6be9937e09280002e2223524169e04a8b0d483aad1638716b
AASCE:131,131,9eefc68542f3707430c941b9988c1454527dcfa74620c44ee143df3da26706b8,VALIDATION,f371a0d9707b68190bd297fa54fe0568e24adee258ba83f5fb44fc14acc29136
AASCE:132,132,052f9d3319391d7e162b80ab47f0f9d90df1d7eb9c8c4dc8af251337a02e36a2,TRAINDEV,1cbd17f1f974793ad0a47c144d909d8a0c1c83e348685bb955b995c96b6a9410
AASCE:133,133,052f9d3319391d7e162b80ab47f0f9d90df1d7eb9c8c4dc8af251337a02e36a2,TRAINDEV,3502b8c1c658f8e73ce380abf26f45c42eac1f2397bf9eaf335ed504a69f0bf9
AASCE:134,134,052f9d3319391d7e162b80ab47f0f9d90df1d7eb9c8c4dc8af251337a02e36a2,TRAINDEV,4afd051bec15331652ff04c6b68ee1f56e84241d950936dd2f6f3e6cf98b945a
AASCE:135,135,052f9d3319391d7e162b80ab47f0f9d90df1d7eb9c8c4dc8af251337a02e36a2,TRAINDEV,0f37bb0e3cd9000c538344a70b4e58e81ac15ad6bd31ed8c65d129c3c19c2cac
AASCE:136,136,47d7df2bc8224c7759b2b09a94e4aab341244996327755b8c8bd81d526cc9958,TRAINDEV,7f85d8d1e0d3a3cf01cbaf1c6845ed03a721a3922f7ea17bc3032b9f781f49b1
AASCE:137,137,47d7df2bc8224c7759b2b09a94e4aab341244996327755b8c8bd81d526cc9958,TRAINDEV,63b7f74a98951420cb9ac0bf428a237de8a3a03592163d9815ea83f70972de12
AASCE:138,138,39bb1c49488dd6e498ab9acc62aaad290e70362f13812fda7404630750c6c59d,LOCKED_BENCHMARK,da67695543b31742befc2a17f555d467dca6cce1985cc9a4d75447931656a0fb
AASCE:139,139,39bb1c49488dd6e498ab9acc62aaad290e70362f13812fda7404630750c6c59d,LOCKED_BENCHMARK,99044a6ae86e9c7ff1e1d450234c3a677e736ccd4057393a25a18731852f7a5c
AASCE:140,140,39bb1c49488dd6e498ab9acc62aaad290e70362f13812fda7404630750c6c59d,LOCKED_BENCHMARK,f3d2b754b5a11e87a14d9da3c33bcaf87cc73834e442d26ca00cfc924384a3eb
AASCE:141,141,6204de287f39f9db78c9734980a5f8a5878cfad33285ec61d7a919cdf44220a3,LOCKED_BENCHMARK,94e5f553ed8f9e99753782f173cd5bcfdfcfaa4c851797066af158f2f0460b97
AASCE:142,142,371dd0e0557318a8535aea9cc232c2f72e205ee9eb2a056e8a5945f7dc724491,TRAINDEV,9250421b41457cef6f2d9d7ebb19949c9f6c22035a6041bc3e3e012f56ec42b3
AASCE:143,143,371dd0e0557318a8535aea9cc232c2f72e205ee9eb2a056e8a5945f7dc724491,TRAINDEV,082a0a2ffcb23028962ba515638a584727be40c0b493f01dea92f6e9c59dfd48
AASCE:144,144,371dd0e0557318a8535aea9cc232c2f72e205ee9eb2a056e8a5945f7dc724491,TRAINDEV,b50d48a648c3d38068a058e2abb0cade130055c092d5869d4253f94b0f9f06e7
AASCE:145,145,7ff79288560ff59de49bd90aad80b4d9b9392f1b350f4781b67708c7ccf23ea8,TRAINDEV,56ff2281bc214845214808e96f05097305b0828f733b14d9e4b72e8864523b69
AASCE:146,146,7ff79288560ff59de49bd90aad80b4d9b9392f1b350f4781b67708c7ccf23ea8,TRAINDEV,058f06cce5c0f6a04fd584d70101d7645e7eada52a165c177bbabc5e3c313292
AASCE:147,147,aefc27fb89fd4e621e0109d386eb557cd2a6b3c035366917bd76f5d0be1d9b4c,TRAINDEV,8cad70084bb66c90966d9cc7d2340669dc5a88cca26059b3481c696b27e73f73
AASCE:148,148,e603e298d17b0ceda8a140c40da6332c8c8f16c174a56a8071a513eadb4cbfdd,LOCKED_BENCHMARK,bb2e07c545a59c6565a3f9f6b7aa9f23dc339810a3618acee9142d7d7b7cc7f9
AASCE:149,149,f9f00be73170e89a11b3a846725ab1726e79b59fd389bfad694192093543afc3,TRAINDEV,4116057c863b0437ba0cba41659d3c81d32bd23ca41b552c698292e7160368ed
AASCE:150,150,f9f00be73170e89a11b3a846725ab1726e79b59fd389bfad694192093543afc3,TRAINDEV,acff76b3107cee93bc9bd1e4b2e33d5cf108cf83a4636f40620d909ef5104abf
AASCE:151,151,f9f00be73170e89a11b3a846725ab1726e79b59fd389bfad694192093543afc3,TRAINDEV,e62e95a29e513161ba0ce1abc1503df256346a8aefa02499f2059173253d35f6
AASCE:152,152,0df3671029f3655ece27a7a4aaff398e47708060bfde124118468aaa355d1189,TRAINDEV,349cff2358da83de13562ffdfb4897691798caf83e181701baa4971e4f89bcfd
AASCE:153,153,0df3671029f3655ece27a7a4aaff398e47708060bfde124118468aaa355d1189,TRAINDEV,71a2f08ec77b8fac9e58cb0ed4eed9978727eaed9816ee6adbe9f42c795c874b
AASCE:154,154,ba94a96230de98ccefea528ec67b41479f1f1b57d156425c02bf7f053a782b54,LOCKED_BENCHMARK,433ba42ba6ba92a15e91ecf1b952e045f6b943c39903f27093e49641de3c97ed
AASCE:155,155,ba94a96230de98ccefea528ec67b41479f1f1b57d156425c02bf7f053a782b54,LOCKED_BENCHMARK,aa0098d7911524b41faf4a7841291d80e641a74a2ec533f3ed07e3c6e49440e1
AASCE:156,156,ba94a96230de98ccefea528ec67b41479f1f1b57d156425c02bf7f053a782b54,LOCKED_BENCHMARK,6e89ea0a2f872e5d46c0c66cd331c2497c5c2cf3a9b7b062b9a7a5dd2af85f97
AASCE:157,157,f64eca70ba6acca69600e322ba949fed0591aea468875614232a2c21182ba67e,LOCKED_BENCHMARK,39ea74638e485f18c5ae9acfa3458956b9ccb1f5c6b94ef4e74787e44bdb4c6a
AASCE:158,158,bc12c87d2e4e63df5ea3d89295623c5b3f78d79a6246148c2e971f971532ffb8,LOCKED_BENCHMARK,66c2b20c945c8ed105cb0ea113edfb87880ebe279dcda1e3458dd4b86ebe878b
AASCE:159,159,bc12c87d2e4e63df5ea3d89295623c5b3f78d79a6246148c2e971f971532ffb8,LOCKED_BENCHMARK,af7450677cdf984db4fef9858619f15710c0e8db58c89d7ed482876e4956eec7
AASCE:160,160,c5c5974a0fb00a8bb8eabbb8a0188d282d09ac5e080a453bc168545b0218af3b,TRAINDEV,0daa991a29a67097a1456589d24e97d31695e2e727ed1c595d8dfad4ef5b3fcc
AASCE:161,161,c5c5974a0fb00a8bb8eabbb8a0188d282d09ac5e080a453bc168545b0218af3b,TRAINDEV,849168a5e2599618e223dfa9e4fabd418916f048d7a34db284766b1c536e7e69
AASCE:162,162,806b8f818146aa191b055227ebc98e836eeb944a1de4b05f68da173e089c39fd,TRAINDEV,fd81f4526d1181c3e5be177387900febbd5909f3f970e632a84eb752b38c3efe
AASCE:163,163,806b8f818146aa191b055227ebc98e836eeb944a1de4b05f68da173e089c39fd,TRAINDEV,a7d69b6497b35e567ab161226fb7d22450334507b1babfa5e8eafa80d174d98c
AASCE:164,164,806b8f818146aa191b055227ebc98e836eeb944a1de4b05f68da173e089c39fd,TRAINDEV,2ffe990d0d22c468dcdf967aa24dd9e2aa6360ba14c6fcec383bd5faef9322b8
AASCE:165,165,806b8f818146aa191b055227ebc98e836eeb944a1de4b05f68da173e089c39fd,TRAINDEV,b8ccb559fe9e44c4baeecb85bf9741b106c7d98cce6b39fe77721d3af862de0c
AASCE:166,166,5005c174e6a30c270a12d63054185fa7e221328055c9d616405eab0ed66a8aa2,TRAINDEV,be187f85c1df6c4a6d2d039c2c6fdd45cd4ea98fda02517e32de096851798f1f
AASCE:167,167,5005c174e6a30c270a12d63054185fa7e221328055c9d616405eab0ed66a8aa2,TRAINDEV,fbb89d2fbddc75eaaae252bef6f062f2689eba3e7a59ef20b122ba45c5eef516
AASCE:168,168,5005c174e6a30c270a12d63054185fa7e221328055c9d616405eab0ed66a8aa2,TRAINDEV,44dfa5a9760efc8b7a64c9c3d3f77d0c88513e7265d520ba3bd185a73819f3e0
AASCE:169,169,5005c174e6a30c270a12d63054185fa7e221328055c9d616405eab0ed66a8aa2,TRAINDEV,ec7e5d276b64a223d30fcca070913faca6b17c83348ba4f09e2beacd1f8b4a38
AASCE:170,170,5005c174e6a30c270a12d63054185fa7e221328055c9d616405eab0ed66a8aa2,TRAINDEV,1130d0102b4b1574e72dc600e61e79fa752fccbe6f21d4a918d56151b626dd24
AASCE:171,171,5005c174e6a30c270a12d63054185fa7e221328055c9d616405eab0ed66a8aa2,TRAINDEV,7e8794e6e0029219339c43222d2fdef1b9b0ac1f1f025a939676325ad4eecf35
AASCE:172,172,5005c174e6a30c270a12d63054185fa7e221328055c9d616405eab0ed66a8aa2,TRAINDEV,dd0f5c73c7148be5e9a16da3db50474f67efefa381339e3710bf47acb998344d
AASCE:173,173,5005c174e6a30c270a12d63054185fa7e221328055c9d616405eab0ed66a8aa2,TRAINDEV,d8fd4dc73b87209c36abde7e639035a3c9016b51b9211d52b338999dfbbb8224
AASCE:174,174,5005c174e6a30c270a12d63054185fa7e221328055c9d616405eab0ed66a8aa2,TRAINDEV,623a6e7af38383a8193d29a23c506b4e8ddba8078ea66e56eaf2a9597930ae13
AASCE:175,175,5005c174e6a30c270a12d63054185fa7e221328055c9d616405eab0ed66a8aa2,TRAINDEV,032f51edd70b548495ba4e46bf030965945f82d11be29c908a1f5141bd4dfaec
AASCE:176,176,5005c174e6a30c270a12d63054185fa7e221328055c9d616405eab0ed66a8aa2,TRAINDEV,667ddc81cf2f532933a501377b37ded2ec2cb8caa4fa26ba2de64644e5249a9f
AASCE:177,177,5005c174e6a30c270a12d63054185fa7e221328055c9d616405eab0ed66a8aa2,TRAINDEV,34723b56e16252168c86bfe035fc40d0096aa40d77bf68beac4bf65cc10e8f09
AASCE:178,178,77f66f13a3772f7a4c71cbb7a0e50dee1dfd8b62a10ff955094bf38d5cceecb9,VALIDATION,e23fc711be81beee6e77a09955dd281cd7d7ac720ab50c940bef044576992fc5
AASCE:179,179,77f66f13a3772f7a4c71cbb7a0e50dee1dfd8b62a10ff955094bf38d5cceecb9,VALIDATION,94a997d157aad3a21796edb5b537996ca070e0097fe2049abc6256f40a43a352
AASCE:180,180,77f66f13a3772f7a4c71cbb7a0e50dee1dfd8b62a10ff955094bf38d5cceecb9,VALIDATION,40f54d11875c9352fd2555983b7eb754eed435dd7c2790956ed7ba0918f7bef4
AASCE:181,181,77f66f13a3772f7a4c71cbb7a0e50dee1dfd8b62a10ff955094bf38d5cceecb9,VALIDATION,342338f14f15980c4b31d3d398ef60f55f21c3cbab5547372ef6926ee3fc7bd2
AASCE:182,182,77f66f13a3772f7a4c71cbb7a0e50dee1dfd8b62a10ff955094bf38d5cceecb9,VALIDATION,3f8d92800e1c25f3283bbb435f97f1126afa6cf55700bf64563bf68338153922
AASCE:183,183,cda4113e253f9dd4edf214a6460b73c3f308904470ae085f4c7aa49b02a2c3f4,TRAINDEV,8f6a7a2f3d7995c572a52fc96dff508b95b5fed00c5790f41bac154221f1bbf8
AASCE:184,184,5710c1d379aaf2385d4387dfdb6172c86ab2c020c6d649514433b144bea21660,LOCKED_BENCHMARK,7ce057ed2c4e236e41018569283dddc9a81e0c04f2503be8a8ef34bdb45aea56
AASCE:185,185,ce3f4987ab91af47c4d3e0bb8176e00c00673cb10867baeb1f7c44d04d7d164b,TRAINDEV,55d60c0fbe252c1a3586fc409188764beef117072ee1b4df442bd7e14c0f381d
AASCE:186,186,ce3f4987ab91af47c4d3e0bb8176e00c00673cb10867baeb1f7c44d04d7d164b,TRAINDEV,80b178ab95a8671dcf9ff71aa13d67abc1300ffda271d16632c2fc57cd995d8b
AASCE:187,187,c9adc2f631b95647b54040efff5fe464056fb1248cab302c7274b54b0b27556b,VALIDATION,963f1308de85e447b06167ffd24d01bebdceab565fb9d3179e901f9ccfbad6f9
AASCE:188,188,c9adc2f631b95647b54040efff5fe464056fb1248cab302c7274b54b0b27556b,VALIDATION,997ca877d39650365b432c7e818a39f65af654b4aa4117ae717c79c65a854b48
AASCE:189,189,c9adc2f631b95647b54040efff5fe464056fb1248cab302c7274b54b0b27556b,VALIDATION,51d6b6d91eee892b02452b693c7a05aebd336f8a4c639dda53076de9b59578f3
AASCE:190,190,3fb34b9598a8cd826a8e4f2784d9466194f0bf8d30e890712abb7807d1992700,VALIDATION,ebf0b8301900692c59b3885f2f8577eee000b1b42ab64f2b16b83d8cecb0459e
AASCE:191,191,ddbb58ea2d30c4c2db81b9e6ce7c3cee4386d6ab681699a9fde3765ab1ad7af6,TRAINDEV,0ab279915ca7598515b3ee88ca0b92f9db2ec7c272237cc150f626c1f0dfb24f
AASCE:192,192,ddbb58ea2d30c4c2db81b9e6ce7c3cee4386d6ab681699a9fde3765ab1ad7af6,TRAINDEV,65cee1af117848b7d9e31f1d1ffdae3096a1009ed1bff360aa7581afc5137b68
AASCE:193,193,32491495827460e1181d03103c151ac14c9f31771c78c54864f7deffe5771788,LOCKED_BENCHMARK,18affc7da55f2fc54c4c9e7973be3732a2e59ad639fdae542184b7c86ef0d714
AASCE:194,194,32491495827460e1181d03103c151ac14c9f31771c78c54864f7deffe5771788,LOCKED_BENCHMARK,1f65aa531b282de5561fec078b93f2f80c438da4539bec3d6150c15b43fd8992
AASCE:195,195,32491495827460e1181d03103c151ac14c9f31771c78c54864f7deffe5771788,LOCKED_BENCHMARK,542f590906c9031eb73f4da2e1b8ed9e5a8c5e4409ac0ac59520a4c6669e0d71
AASCE:196,196,32491495827460e1181d03103c151ac14c9f31771c78c54864f7deffe5771788,LOCKED_BENCHMARK,24ef7a1962c7e255ae07db925022afa1d823812d72a9ffaa146acf8fc665e7a1
AASCE:197,197,32491495827460e1181d03103c151ac14c9f31771c78c54864f7deffe5771788,LOCKED_BENCHMARK,52e5446fd216fba286ef502092d9ece90fb3d4d636e8628666c9534b469b9c90
AASCE:198,198,75965f91653583293e1762fcdb2f1796912071b5d122fe942b1b33402d59d4e9,TRAINDEV,201aaa2f80d9425a352b7bd64aeacea594419d7c84f00076b32b8f93c09fb2a3
AASCE:199,199,98e1e82e690dcf344bb20ed2e76a39316080be49a069a4e32a54f25c42655fa4,LOCKED_BENCHMARK,23f988a6c99678d1276ed15b56e0b181e9903efa7375dc9d7ce2fa4c9b5cc0ac
AASCE:200,200,3a07d6d51e9346bcd145915d4b9e5e463703708e9ce8e81a932d7b69eebdb76a,TRAINDEV,65aaeb5d91c72051f24347825ede48f92bd20d5e23bdec6c8824cd6eb27df9c8
AASCE:201,201,7b4435803236987ab325f997abcbea4039c442677b23fdc834a9841253dfbe32,TRAINDEV,c30cd71547ff6184b43a6d05fdd0f9d2b80036089d871ae6cd012b6b2eb29340
AASCE:202,202,7b4435803236987ab325f997abcbea4039c442677b23fdc834a9841253dfbe32,TRAINDEV,67fb2bef4895c95b8eb76534f6d8d8f10d06cc6d4409bd2b6f4b0df87f93a6b7
AASCE:203,203,1c5a64bf7db107fcead07c6d51984b26336795617c583e7885c474f66c824194,TRAINDEV,24382409acb921c8976eb2512d61508dc0c7797dae2dfb042534e424dad93116
AASCE:204,204,76e6c883683f9be37fa659dc58d5d86ef5dd91df4d6f3417328a083fc2bc2e39,TRAINDEV,fa95816ce9cf09d851cf9815861319cc7708a02fbfa8d50af540fe78e1799308
AASCE:205,205,76e6c883683f9be37fa659dc58d5d86ef5dd91df4d6f3417328a083fc2bc2e39,TRAINDEV,5b6c780b8ac1c7f7bbfdf1675fa84d5099dee63b34e0ceee25d4771d4dc69ed1
AASCE:206,206,76e6c883683f9be37fa659dc58d5d86ef5dd91df4d6f3417328a083fc2bc2e39,TRAINDEV,d68aa40ee8c4419deac9c1dbd1e730e69d87839e87329e5ece2061b20dc061c4
AASCE:207,207,5da5ff06b6f3d66c41606de38ea334bce613d1f357d84be27bdae1835c59df1e,TRAINDEV,a7f57f8e9ec44d05b9495b05a9aafd50a17b3fa4cd83ee3268cd7b1d8cb7b570
AASCE:208,208,6b33d6624ee1d97fbc84817f2a772af1b93df13d7b837e5b59d4f3f331a9e96a,TRAINDEV,93d39ef6cc2d2a86f797c8e5a20747a0fe670edef1f19a28f8969fa153f71493
AASCE:209,209,6b33d6624ee1d97fbc84817f2a772af1b93df13d7b837e5b59d4f3f331a9e96a,TRAINDEV,5591f21c2e1ab291a3c55982521c709887dc0c0bfd5cebd4d14e2b8b6dae6661
AASCE:210,210,9eb4af9960b4e857a86c2933b6577172ac7e2574c8cbbcfa5bc0ad5afb1f264f,TRAINDEV,c48cfbd42f80d5043ba8084ec870c2eae80b6fbcc013c11966db3b4011697568
AASCE:211,211,aa0d8b721852178d3df2c06366f67b827d76d93c2b0d1e405488fc536ad12e67,TRAINDEV,7b2ddfb4e2616042b6c6307b189a65d106e546c68aeb873f965ce2b8594f86ad
AASCE:212,212,aa0d8b721852178d3df2c06366f67b827d76d93c2b0d1e405488fc536ad12e67,TRAINDEV,dabd4416a301661f0f01cdb6b2ab8f630089f0cc414f9e0b34bd9b5933727e47
AASCE:213,213,81bc7b76a31fdfac57ffbe2825de64974ceb299b08b8840f5580a32f5be53f51,TRAINDEV,8993fcd59fa41fa6c96804e604e3c7fa54b76d528973efd10dbb3dcfd91810f0
AASCE:214,214,0d915f4d5a506747804b7a391f0b1409e826d85d1c83b0f57b4ba9af7dd7d2cc,VALIDATION,93995850b7e34482209497ab8f81cbff0f0e9acdb34de17858e91d3aec29867c
AASCE:215,215,3bc6131be71ba4745402775e6e94cc290bd40cb2007ca42f777304ec55c1c8e8,TRAINDEV,4c8961f0d2b59c66fe4fde71f96cf2992d6fd31ecd04c7fd728afa4bbcacdb56
AASCE:216,216,3bc6131be71ba4745402775e6e94cc290bd40cb2007ca42f777304ec55c1c8e8,TRAINDEV,8517d308b41f39bafa846a1bc9804681f2face8114b83a18771f69df3c3867f4
AASCE:217,217,3bc6131be71ba4745402775e6e94cc290bd40cb2007ca42f777304ec55c1c8e8,TRAINDEV,a1a63da40dadd423b3ad9cb3d5689b5b4cb7dfc9356443955ed6715451e43e07
AASCE:218,218,2f35d3644dc0636db5bf31d1848a7a881a620df5d4ed47e8f9f4996e52390cab,TRAINDEV,c653834b59a7d3c0a5d602ae708fbd46e2e44c209e6738d5699ff16669a99fd5
AASCE:219,219,2f35d3644dc0636db5bf31d1848a7a881a620df5d4ed47e8f9f4996e52390cab,TRAINDEV,330c051ccf9a59421a9d85ea39d02e2ec8189d80c581e75128798bcff35d74ef
AASCE:220,220,2f35d3644dc0636db5bf31d1848a7a881a620df5d4ed47e8f9f4996e52390cab,TRAINDEV,1ea5a1ad91d423a90d8bfca2de9c49bdb93aa1158184e21eb385785f8971993d
AASCE:221,221,2f35d3644dc0636db5bf31d1848a7a881a620df5d4ed47e8f9f4996e52390cab,TRAINDEV,b82db36302a97a89abf7e814b0aed9410336992a02b4301f2c03529b200e3735
AASCE:222,222,2f35d3644dc0636db5bf31d1848a7a881a620df5d4ed47e8f9f4996e52390cab,TRAINDEV,628510c462484bf96761920a91035b4a76c83276606582ad64faef9b55a91e45
AASCE:223,223,55fd5404be99fef426393f9df86c8e86ae2c4cfa5788394dc0ebcdcab7e5842b,LOCKED_BENCHMARK,352dbc6d723346da8e52ad0b8d8f60ff5a4f96c37cdcf633c85ea01935d0f88e
AASCE:224,224,bc61dde2377f4701d30f79bdce745fd5983395449c4bf5cae7f8e637eb9a9d9c,VALIDATION,552c138ea7d8f7ce5cdb9726346ace922002b2ce7589394bb34c55afd3f3c1f4
AASCE:225,225,bc61dde2377f4701d30f79bdce745fd5983395449c4bf5cae7f8e637eb9a9d9c,VALIDATION,841a00be5ad8379cb0e8311fcf3394fa49a99ee8854a705c8530708a5e587383
AASCE:226,226,0a8302555a2c1683246f82fa6f6fbcd31073caf96ae6c195ea087b79c3e8b17c,TRAINDEV,1c9bc73a06a018b5b83c1cbd8615a8481ba6b1500ef203c7afa78ca771024f2f
AASCE:227,227,0a8302555a2c1683246f82fa6f6fbcd31073caf96ae6c195ea087b79c3e8b17c,TRAINDEV,4a2db6d8b9ded303a8569d4d9e8536fe88fbeefb9fbbd83c22e0d3d6aecda6f9
AASCE:228,228,54245a36dce560ef3c72a988f022df4fdd22352bec51cea32cf213ebd169410a,LOCKED_BENCHMARK,9b0f976d103f54734a8adc8c4d8b2dd49da80d44ea9bd54953d532dd024588cb
AASCE:229,229,ec89d51d1336aa0eee36a610e454eb4a31dd0f677bb4a78ac19e4ec2a6ce30e3,TRAINDEV,3f62464e550f7e265998eb654e1efc471a0abc085693dd839415efe30ba8d1d9
AASCE:230,230,612caeca7c1aca5d21617f61aa76d53d57d977eeebcf2a75f3e01c4ec818040f,TRAINDEV,4c9b3cffe9ec83aaec510dc7666420280f92286fb378df1dc03155648b07f297
AASCE:231,231,311119aa91ce0f6cbc6b18cade081a786829de3a4eaa4c98bf003c1c9a06fa23,VALIDATION,89bc83ab09b5eacf94f39c6425560c72c3f137d9d1b54c653fb412eb043cc973
AASCE:232,232,311119aa91ce0f6cbc6b18cade081a786829de3a4eaa4c98bf003c1c9a06fa23,VALIDATION,6ff21aceb569cc7c11431ff5af2293b139c20fe533dceeefffc6b90004604511
AASCE:233,233,311119aa91ce0f6cbc6b18cade081a786829de3a4eaa4c98bf003c1c9a06fa23,VALIDATION,f114ba2c628e2f6dc65d9040439fd3061210afad8ae90463a64ee8ca547728fd
AASCE:234,234,46cae130a11d3106c83930b86f10c018dfc749b5d1178c3fd59139dedd949727,TRAINDEV,4d2ad855e25ace3f6a335e5f93a55500853b8f5b663851dcec65d13dc0c11777
AASCE:235,235,032c424baab20d3f482afa25e0c9aa85f43656e7d87f9691446373ba4be80fba,VALIDATION,958427214cc052ded606cf4a647d06247d6331ba70561507cef3c4ec7601a69f
AASCE:236,236,032c424baab20d3f482afa25e0c9aa85f43656e7d87f9691446373ba4be80fba,VALIDATION,0a736749468e2f376fa784873387805fac0b4665c7f731cea971ff80c19d1ae6
AASCE:237,237,3cf92abd3062d2588bf8d0e7be49bb8c52fd7eb809e4b2269f4bbf2c3cb27712,TRAINDEV,e909fb7dda33f8f264096a4d6f2d77c66ef516749057832a503c9b86f62e7f61
AASCE:238,238,3cf92abd3062d2588bf8d0e7be49bb8c52fd7eb809e4b2269f4bbf2c3cb27712,TRAINDEV,ffc1330fe2ac0acb76101ae63bc58c1b68aa4db418106ac6cdad07f0944e4f87
AASCE:239,239,4452d668e5effbaa4b0d0f607db0f8d354401b7e425ae38cc3eb214105671978,TRAINDEV,c7f9a2e1f97dde0a67f88244adbeb239d1c7328f689c2674fef0362212b566d3
AASCE:240,240,4452d668e5effbaa4b0d0f607db0f8d354401b7e425ae38cc3eb214105671978,TRAINDEV,a151ed8a33c5b4929013cb6c9636cb6e634d54ed2a67b8adf56b2e53dc59235e
AASCE:241,241,4452d668e5effbaa4b0d0f607db0f8d354401b7e425ae38cc3eb214105671978,TRAINDEV,8fa8cdd0a3bc39b00163c1b9e15d61549c4a3a284e2619d166c2eac99088bacd
AASCE:242,242,9f57e4740c22253045b86acd9cfce444fe7d91370c86794a9a88307b09aadef9,LOCKED_BENCHMARK,7549794e83e3daeab68429dd21a48c214ff9a4c731a0e95e493334eb5d8be7da
AASCE:243,243,9f57e4740c22253045b86acd9cfce444fe7d91370c86794a9a88307b09aadef9,LOCKED_BENCHMARK,16409d598718b7e26538ace3e91a4ad8fe13d411e4e4c4e00743555b34615b57
AASCE:244,244,e2e004172a507c64648a7c4c962ea1e2b4de25895b68d7a12b3c23da0d96b767,TRAINDEV,c8b077972f31ceaf7871cfda41a48965586539bc54331686e1930edd11bfb958
AASCE:245,245,e2e004172a507c64648a7c4c962ea1e2b4de25895b68d7a12b3c23da0d96b767,TRAINDEV,be925fcd9d824c051f0c3645ab165ef8d0d61ca42e97ec317f30d9ff2485ea95
AASCE:246,246,3d0068806ab29221ea53fc0cdfb6a4fde9dc23e8b953db5bb70b52a4d8151a1c,TRAINDEV,a2e0fefcb5b4fb90301a86e7f21239ab67b7396bd26bc6c61ff5ab65fe048de0
AASCE:247,247,dc619f27c68e1a807b6c6534712dd51a393084af73c74444f4b827d44e912b2d,LOCKED_BENCHMARK,36b5604f77ad155ae9444a170aff9f292e6e29c52deef0276253bb29dba2d59b
AASCE:248,248,5da90922b907776682c610f27718d128cedb399ca65b382369a683b594a2404e,TRAINDEV,64da8259a9b106aef03ac5aac08d5983c7847f3da676322e3dc6bbc27177b8ea
AASCE:249,249,7792a294fb4dc3425cbd6d8dc61f52cf952e20690254e524639e1a38e71904e3,VALIDATION,dc6da957de17c4193520e3603b8384d4fb14a2dc6b21f4b238aee0c600d06305
AASCE:250,250,7792a294fb4dc3425cbd6d8dc61f52cf952e20690254e524639e1a38e71904e3,VALIDATION,4ec88d756739e1381054bf93e5ad7da3e6a56974610dc038371763e517f949ab
AASCE:251,251,8dbc976cfadf7665abf26e5088917e3ad9a63636b04ab1c96f4358c7394e8870,TRAINDEV,78fbaba86dabdcb35022ad2eb0b066aaeb1809d3d03193eff61a6aa35d2a49b0
AASCE:252,252,3d0068806ab29221ea53fc0cdfb6a4fde9dc23e8b953db5bb70b52a4d8151a1c,TRAINDEV,23d150bf6277846a18ef9df3433b3176e03e3afe43d32df9accd06dffbd4f8cb
AASCE:253,253,3d0068806ab29221ea53fc0cdfb6a4fde9dc23e8b953db5bb70b52a4d8151a1c,TRAINDEV,3d33b7f47028b862309990759ddb8d7bdfc2315cc390301c2d012d919ff505a4
AASCE:254,254,3d0068806ab29221ea53fc0cdfb6a4fde9dc23e8b953db5bb70b52a4d8151a1c,TRAINDEV,0a2e42d0a806971c8cff8e81be98d8cd77fe18a06cf4e04e62979e233103ce59
AASCE:255,255,3d0068806ab29221ea53fc0cdfb6a4fde9dc23e8b953db5bb70b52a4d8151a1c,TRAINDEV,1238d627cf7d453ffef2793f21729dc0ba23569d01c3ee938a2990b5df15f212
AASCE:256,256,3d0068806ab29221ea53fc0cdfb6a4fde9dc23e8b953db5bb70b52a4d8151a1c,TRAINDEV,b0b5a9bad4e3ba8a574a68a23b8e7802b9d786865070145908245f0ae793eb52
AASCE:257,257,3d0068806ab29221ea53fc0cdfb6a4fde9dc23e8b953db5bb70b52a4d8151a1c,TRAINDEV,cae7fcca639c36317635ad7713771112c3dbbb82326e6a37e70f32e0c66297db
AASCE:258,258,3d0068806ab29221ea53fc0cdfb6a4fde9dc23e8b953db5bb70b52a4d8151a1c,TRAINDEV,be1c82e7c69f2346caa35ee77e3c74234bfa131aee8ddf0a1aa36904942b89c6
AASCE:259,259,3d0068806ab29221ea53fc0cdfb6a4fde9dc23e8b953db5bb70b52a4d8151a1c,TRAINDEV,e88cb9683b02ddd3d5bd936fac61edd34eab54466b88ed4f2b254256446a3ce1
AASCE:260,260,3d0068806ab29221ea53fc0cdfb6a4fde9dc23e8b953db5bb70b52a4d8151a1c,TRAINDEV,bd44b34beaccdb5e45fc7d3ca64749b65ab709a88f190560dc9a99c8cbde720d
AASCE:261,261,3d0068806ab29221ea53fc0cdfb6a4fde9dc23e8b953db5bb70b52a4d8151a1c,TRAINDEV,159e932b37499724bb65eb1a9dfaffb648a489cf450e716abda364c47852daaa
AASCE:262,262,3d0068806ab29221ea53fc0cdfb6a4fde9dc23e8b953db5bb70b52a4d8151a1c,TRAINDEV,41e042c562549dd6c54cf399e1ad753ed80ef200aa11921a4894e7a9d9ff02d6
AASCE:263,263,3d0068806ab29221ea53fc0cdfb6a4fde9dc23e8b953db5bb70b52a4d8151a1c,TRAINDEV,4f768f52f5c0a7199ab169953ad5273a6968d0ba5772ec2fe8c6053565d68821
AASCE:264,264,3d0068806ab29221ea53fc0cdfb6a4fde9dc23e8b953db5bb70b52a4d8151a1c,TRAINDEV,3d603851a30032a8b2d95479b142f42cf2c28d48bd8137f9e3a5789a76cdae15
AASCE:265,265,3d0068806ab29221ea53fc0cdfb6a4fde9dc23e8b953db5bb70b52a4d8151a1c,TRAINDEV,c8b107a6485fe1be310ade011a2d669e2bddcfbbb8ba9f33fde7ae17ab702a44
AASCE:266,266,3d0068806ab29221ea53fc0cdfb6a4fde9dc23e8b953db5bb70b52a4d8151a1c,TRAINDEV,a8c325c496b1b6e155d0bb2ee314acfe71e4c5615460c006ffd3277ca4e5a5dd
AASCE:267,267,3d0068806ab29221ea53fc0cdfb6a4fde9dc23e8b953db5bb70b52a4d8151a1c,TRAINDEV,80df45620da34e619bcca77fc0a1b8e0615bcb38391f598c1564582a3c276001
AASCE:268,268,3d0068806ab29221ea53fc0cdfb6a4fde9dc23e8b953db5bb70b52a4d8151a1c,TRAINDEV,21f6ada31f475568fea7af2dad2602d5c10168929dd6162547c5c69da660f8e5
AASCE:269,269,e91ff744b81dfc48f1a021d2c874f3ddcd9a2d39bd63d46ea09947d744effd72,TRAINDEV,9aedc569b67a87f868def38dec1b7283da988d02e59f74828276aaf8a363f643
AASCE:270,270,cad6308d40e902e756a47dcd7e01ba9e64be437bdd55b4a8077614125f807e72,LOCKED_BENCHMARK,e3815ece7467507a0301f74ab264b290ef792122881529cd6bf8bbd132884b9a
AASCE:271,271,16a513eb4f9a711cd266f11059a66e45f2c74882402cf11ef53e52a1a5f0d573,LOCKED_BENCHMARK,3aeeee3a9c32f3b4f81c917852a20f2d651431e172c01ac0f9bb7b0048e0296e
AASCE:272,272,16a513eb4f9a711cd266f11059a66e45f2c74882402cf11ef53e52a1a5f0d573,LOCKED_BENCHMARK,687f21204f12e7051bbf8a08ab5cbcc0d0d42495b78bb91a921d92eec3f47bd3
AASCE:273,273,16a513eb4f9a711cd266f11059a66e45f2c74882402cf11ef53e52a1a5f0d573,LOCKED_BENCHMARK,1a1ad40fd168b9dcc46bd39f11fccadf6dc5e6f01a2142319332fbcbece095c2
AASCE:274,274,ebf0ddee796d472bbf53e4ebb9aa1f1e8d3e327b11244d4784265acb63886e32,TRAINDEV,68f0df74237b114ea711309f216835d930c2beb114d95911b8c6b21ef69ec60d
AASCE:275,275,583b96f3ef9fdadb3aed3e11bd602620a8b300184afb74fb8d8630509e3558e9,TRAINDEV,cfdb47ac7e8ba8752ef7e064567afebb5e9408ca082720ebb958e9bbb8ebbac5
AASCE:276,276,146b9d55a9516ee6f28ecc0d3b8407b43ebd4880a17eb33e7d35364508c4a751,LOCKED_BENCHMARK,8a40cbb649ab9feef061d08831a77d73ab340547cd22a89201e292b6207bcf96
AASCE:277,277,146b9d55a9516ee6f28ecc0d3b8407b43ebd4880a17eb33e7d35364508c4a751,LOCKED_BENCHMARK,bc31506b741f07e0177ca9fdf01df22d84df00088fbefef466efb6c528d5943d
AASCE:278,278,08d0fa6a8c2fde5687d27fff952d411320e6b0ad8e9451296f80fc629d96d579,TRAINDEV,750845165006abf7f2603d9638ed6abea8ad8cf39b3fe17836cc9ee060e5cd95
AASCE:279,279,08d0fa6a8c2fde5687d27fff952d411320e6b0ad8e9451296f80fc629d96d579,TRAINDEV,900fc7ad1b2df931137f88e03c87512767574a56f0f180cacf0030dc8f2fd366
AASCE:280,280,f6f326dedd53f9d7318a4dc4cd31b83c2f8acd8605858d8f003efee6900658e5,VALIDATION,3b83062bd92a7f796265699753d7d68124feab465b57a25b063ee920766f7fc9
AASCE:281,281,9378f74d8006721bcc657bf0a4e170916bea118378c1f344f6d083e64ea81f39,TRAINDEV,0c35886c6c57dc05f6780ac70f6430352a56181ec89eccf0d0b32e48dcb5abe6
AASCE:282,282,9378f74d8006721bcc657bf0a4e170916bea118378c1f344f6d083e64ea81f39,TRAINDEV,a4cd3469ec06ea7ddd3d60e47f5b48c5a0f9cc4fa678552b03f7458399af0893
AASCE:283,283,18604924eceea8a0afac284f88157942350dfa88f5aba7793a57a279fc6fbb04,TRAINDEV,494369d008a22132ee3767c877384add6978e7ad0d50f73fb1693267a70d4e50
AASCE:284,284,17da51c02070a8e9766c40aaa5aca25618fedefb22a540b02a26c8be74e57943,LOCKED_BENCHMARK,e3f14d69dfcf774919b32d52c9c600ce35d5234e541dfeb9cfdd752247538c62
AASCE:285,285,e51c9c9d8df35c8693149f8012edf173cbb8c6bd1f55e90aee5e08b63bc213ff,VALIDATION,4306bf0b039a42b77e51ea915c57b4d86f1fe07d0ca1c843c71d0293ab55510a
AASCE:286,286,e51c9c9d8df35c8693149f8012edf173cbb8c6bd1f55e90aee5e08b63bc213ff,VALIDATION,d8ac4491875341faac7f861506996cb1f6e07f02c37846986a6a9986411fdaf8
AASCE:287,287,f8dd66e2246e8fd748b27bbe5b2be1ee8d9096b19d79e8854aaec14c064ec3e9,TRAINDEV,4cace99c964a6d7d6a13521680c6ed0db36c816d4a045c416d6e4aa1df9ce64b
AASCE:288,288,f8dd66e2246e8fd748b27bbe5b2be1ee8d9096b19d79e8854aaec14c064ec3e9,TRAINDEV,88e66c3a865fd140180d9b959758977e1a63cc1fae1ca720d01e19f9a2550bdc
AASCE:289,289,f8dd66e2246e8fd748b27bbe5b2be1ee8d9096b19d79e8854aaec14c064ec3e9,TRAINDEV,98cc324bae707eebc07aa1863e2f6e41a8941b006a8c5672ed71fcf171faba0d
AASCE:290,290,f8dd66e2246e8fd748b27bbe5b2be1ee8d9096b19d79e8854aaec14c064ec3e9,TRAINDEV,73de52d5f3fc54054a7abd7382b3cd6499e14aa986b3c2debae6c9a529f5a87b
AASCE:291,291,f8dd66e2246e8fd748b27bbe5b2be1ee8d9096b19d79e8854aaec14c064ec3e9,TRAINDEV,8370213dc8ef81f15ce7dcff192e43f9ffea20492967b9acf97d9aeaf4dea2ae
AASCE:292,292,dd769f2dad97cfc3e7786e91ddc66b37d3e464c6602b4df62ee61287ae9c7e9d,VALIDATION,4fff22f0eaac69bbb8f798df92aa217fb879fd81027c64bec887715948340a4f
AASCE:293,293,dd769f2dad97cfc3e7786e91ddc66b37d3e464c6602b4df62ee61287ae9c7e9d,VALIDATION,bf2f365f9ceef71b883d2a559acd97e06334c03a213d072b95abcdca7fcdf5c1
AASCE:294,294,dc4ede1d7b9f14f33d7b86a432d4eac54f4ad4a2bf76fda998c38adbc6efdd0e,TRAINDEV,3c530af0c5557d59586e36195a0dd338b4da38ef2b2d12c91054aeb709a8388d
AASCE:295,295,dc4ede1d7b9f14f33d7b86a432d4eac54f4ad4a2bf76fda998c38adbc6efdd0e,TRAINDEV,dbffde84fb82a8c4cbc7b9f8bfa0c6b2959ea6355add46e47b9dfedd9ff6ee8f
AASCE:296,296,dc4ede1d7b9f14f33d7b86a432d4eac54f4ad4a2bf76fda998c38adbc6efdd0e,TRAINDEV,cdf06dd146636f31799202f6a6e47e3c71163ee2bec625310a846f12a2f95a3e
AASCE:297,297,47d02e05ca05930d63dea5d8af01a5e2bd6f74bc5638b66c8d9eafd030a51e45,TRAINDEV,aa2713aa65643fcf3ca528415a7f22fa3caeed92091c2d10ac43c415e0703b1c
AASCE:298,298,1c8d3160a883fecee367a7997284fedcae034bc542ab7e8879c22ba4deeca189,LOCKED_BENCHMARK,7dc9af44848a3fafe5b4d3982ef9a07ef5776cf9c51827e79db371011c2356d6
AASCE:299,299,1c8d3160a883fecee367a7997284fedcae034bc542ab7e8879c22ba4deeca189,LOCKED_BENCHMARK,999e99ad00aa4466ae42535fe37b920ae07397dc3c10e58092fc94d90a6f415b
AASCE:300,300,5f05e107bd54762b13bc6f57f5847327282fcb4fe09e1c43d29ae02ec1beaeee,VALIDATION,a85489a52c5ce9be8ec5baedc2f341f7ce5a81ce61b6270a6af20ca49624d8f2
AASCE:301,301,5f05e107bd54762b13bc6f57f5847327282fcb4fe09e1c43d29ae02ec1beaeee,VALIDATION,07f1ebb675fedf0b12fa2b1996a2a7e7d12a708d70bed1ba73fd64f5f96e2a32
AASCE:302,302,5f05e107bd54762b13bc6f57f5847327282fcb4fe09e1c43d29ae02ec1beaeee,VALIDATION,ce75b2d126953f610a146312bcbf2d02ac730692f1e143da2b094618b5ae2631
AASCE:303,303,5f05e107bd54762b13bc6f57f5847327282fcb4fe09e1c43d29ae02ec1beaeee,VALIDATION,587f46274e7e4506c303b1a424a3388640bbb1d5cb880ff5dbe4529a7ae2579b
AASCE:304,304,c561fed9b775e01241bf00fa6fd98f29329740126be8e0d1003de984ae893c74,TRAINDEV,68392738e20c1d457de83fc2332f19664610f9d25c8cf546950de1a43f2705a1
AASCE:305,305,c561fed9b775e01241bf00fa6fd98f29329740126be8e0d1003de984ae893c74,TRAINDEV,d6dd0396aa02ef3dfcbc09b7b0bf7c2c406cf23bb233a2717772bc18598644fd
AASCE:306,306,c561fed9b775e01241bf00fa6fd98f29329740126be8e0d1003de984ae893c74,TRAINDEV,1684b2604a6ac024ea30c1eca98a7f6d42b669b0e13a1554f1b3786e37facbda
AASCE:307,307,c561fed9b775e01241bf00fa6fd98f29329740126be8e0d1003de984ae893c74,TRAINDEV,9e0796e3b23e0582be1359453d3b9357086520dafe48208be2cab81755ef60c3
AASCE:308,308,e3ebbbeb1e5be17318f844f98951682d3e256155469226112fb139bae6290db7,TRAINDEV,6753fc6dc9904e9763393a96e2ee50221cfe6c1e00bc3ad27401cd2d13ce5cce
AASCE:309,309,6aeceec610c2a8649e68b28bc97faa788932aa0d74c857cfc8e7dd0fb773aeea,TRAINDEV,3db415bc56313bf8042ee26f9681fcdb9b2dc19c4f1bc4708d7e263b51668190
AASCE:310,310,6aeceec610c2a8649e68b28bc97faa788932aa0d74c857cfc8e7dd0fb773aeea,TRAINDEV,79dc561d523c6443d2ba5faf8410e8942a565e5bf942f1ea2867fcae9c0925e3
AASCE:311,311,6aeceec610c2a8649e68b28bc97faa788932aa0d74c857cfc8e7dd0fb773aeea,TRAINDEV,d9cc6ec7b0fafb285b1b338611778e8b6e2bf1ceb423e2d3bfa3be1d44200a64
AASCE:312,312,5e67c9d6ed52f983d482c062535a84617fa5dcb0dd925bd5e1bcb746f3599271,TRAINDEV,5f87caa122c68d2463b3266681ef3b5b50705b64ea70303a3c650c999ae6d618
AASCE:313,313,5e67c9d6ed52f983d482c062535a84617fa5dcb0dd925bd5e1bcb746f3599271,TRAINDEV,3dce6d81a8546d0acc54f639d8828b34a988d1cdfa7957878ce32c15dbb33f62
AASCE:314,314,5e67c9d6ed52f983d482c062535a84617fa5dcb0dd925bd5e1bcb746f3599271,TRAINDEV,35ce5a877c4e0402e9beb45c8053d68fdf67874547a160984608a7045d894f72
AASCE:315,315,edc85a2981f07381d9996f6c74326c57fef5478c35449122e44aefd40819d402,LOCKED_BENCHMARK,2357ad8b368ec10c16b009ebc4603334992f06788a8dee8089e1d618d9033c43
AASCE:316,316,edc85a2981f07381d9996f6c74326c57fef5478c35449122e44aefd40819d402,LOCKED_BENCHMARK,647b20a4795eeecd4e53e6c28835198333a81aa10e44380d15d9ddfb4c592e45
AASCE:317,317,edc85a2981f07381d9996f6c74326c57fef5478c35449122e44aefd40819d402,LOCKED_BENCHMARK,b07e05a360ff42c27acdf54938eaad56e31a29b7bef131a5e178e9f67485e1cd
AASCE:318,318,edc85a2981f07381d9996f6c74326c57fef5478c35449122e44aefd40819d402,LOCKED_BENCHMARK,06eef18c1e8ebc387b9ae2d64265abe5d916910556934806f9bd10b5661740e5
AASCE:319,319,edc85a2981f07381d9996f6c74326c57fef5478c35449122e44aefd40819d402,LOCKED_BENCHMARK,6296431ef00cdd0c63c36aaa347e1ee7a7798e6faea8385be27781c2f3bff480
AASCE:320,320,f29eaf72e50608bcdecbfdee646ba4fc165b64562d58ba03a441a62261e66f5e,TRAINDEV,bc37503f45d00167cf4ad4cbcddabb0ba4386465495879ab3a09a649e3221437
AASCE:321,321,be4467c8792b32af62b7ffe44cb9112034594084ce79e886312aa9eeeb666471,TRAINDEV,d35b32665fd607b0733ca70b888aad2dc2626088b08f1d72afc19bbcce4a6c53
AASCE:322,322,e10cbaf7082d9ac34a34d326997d617873460f9335536a5168d50be6ca8b68c5,TRAINDEV,e7c70edabb8da0697759f8b84fd79b4f00029a0eaa347ce0a5f8ae16d68281ff
AASCE:323,323,4865a0abad6a0de22fb05bc9374f0fcdbc098151cbd4cad644ba8464708428c5,TRAINDEV,c3367d9baebec6950a099d0912455754d71c9f57612c8a4fc35a02d250270537
AASCE:324,324,f1cb69f40b98518a7fe2946e3eafd8eedc3b578711093ca3a877b723d4b26377,TRAINDEV,b5e8d3c3c2d699ed794db6e0148b230e706360665eb6ac8dcbd1bd3382617799
AASCE:325,325,eb1c9599bba84c3b91f5b0c442b608e140b8a70ab8a1f8c771e76185a696f361,LOCKED_BENCHMARK,b486e84400d7f48ac87374308840bcfdf49f975543badc2bcfdc470d791b1716
AASCE:326,326,9b39b3944a2bdbb8fcd6acc375d122bd8042ea58247bf15d317fa28cbccb57d0,TRAINDEV,e2ba6a5176c1e4638e9fd8e83d92a2415a26f93130db42aa5f843c572bb23850
AASCE:327,327,36db4aed4c8fea327ed93bc8357265732b4a02168c29f48799b057f79bb32064,LOCKED_BENCHMARK,051fbe86e44ae301a752f2ebd91f58a1a47abe149918a8c42664d77f805b2c77
AASCE:328,328,f8b9a461dd3fb33acf5d8e439560a4549bf569085e1400134ed915178ad4307c,VALIDATION,fc6030e2ec40fa8d81fef52094027d1576756a8bd0d222f7ec4ef2bbf0da12bb
AASCE:329,329,f8b9a461dd3fb33acf5d8e439560a4549bf569085e1400134ed915178ad4307c,VALIDATION,ac65ac27aa8d006d78fc700af9c12b05ecd4781c398e1a89128dc16dc4b7785b
AASCE:330,330,f8b9a461dd3fb33acf5d8e439560a4549bf569085e1400134ed915178ad4307c,VALIDATION,21691dce3c94a6f38fdc8a38f9843282219efb262917ed7f7ad0d4bfa69261f1
AASCE:331,331,68b8291481b2b08ce8e2f05ac108ba43aac678af8b274d0ca2e64a1b53337ce0,VALIDATION,5f29e10721c22e64b3e26bafabc309fa2d066343f18d3ac44db20f0cd8af088d
AASCE:332,332,454cddce0b96c4c0a1fa07a91b7193f2a50180a3258bb389c2bf6d6ca83e3690,TRAINDEV,f64ea955345a579d5f671850823ca0792ac2f0f759959eb8c7653f1a82d3b362
AASCE:333,333,9f44b2b45a535dc6b9598455f6c9d1ffbf251385f8f5b6665f5215fc06ce0cfa,TRAINDEV,5627bba76d6c656a7f2d4a9c9f233df8f61c72378a6a1f760122c5731d5b9eee
AASCE:334,334,8e0692b1e7c9504b3c1d8437b7ee93943122112d2328f64e991bb2d4e5184a23,TRAINDEV,02686e342777f8cac66652a6ab24d0911cad3dfc97844e3e310e48968332a598
AASCE:335,335,8e0692b1e7c9504b3c1d8437b7ee93943122112d2328f64e991bb2d4e5184a23,TRAINDEV,aa07886e7e4d0b2e56fe0eeaa7df4540c79dc3361c9128c69347c12c95ea6625
AASCE:336,336,8e0692b1e7c9504b3c1d8437b7ee93943122112d2328f64e991bb2d4e5184a23,TRAINDEV,6c5ac41a98d21143b1080e0ca828c4ca6d9d598f312a0ba8e6e22841af428082
AASCE:337,337,34ccc4e732bfcb47bb77adb422e9d0d24b7a77697d37b8054d024224d3b34010,LOCKED_BENCHMARK,cc23db9d546e29b774c50238913f766c5933ed34550c8209ee450c23be792791
AASCE:338,338,34ccc4e732bfcb47bb77adb422e9d0d24b7a77697d37b8054d024224d3b34010,LOCKED_BENCHMARK,cb78c83df3cd746359075f8b5b98b6db424b1b97701013d1c3141f1adeb4419c
AASCE:339,339,86c80094af5575f47e6b7ae8dd4d44156c29889d0c0789473699858a03c629da,TRAINDEV,03aad88f8d304848cd79ff67dc755b0735565dff9f7e76822ec3d6cc6344b3fc
AASCE:340,340,708caa4b65e7d6a5315b1f0cd880f2e9c76c6c09a857b9c4434107064da87bff,TRAINDEV,7a0da5f6d8edd5740a1af332da3fe9ed0cbac29d6c0c42f55e116d4ac9137a51
AASCE:341,341,6280ce353f495a305f1ac0f9a6e49c894fb7242b6b51c826c3b31d74cba5c70c,LOCKED_BENCHMARK,e9af9fa88d897dbfe62973ba8d4adf5adf4b056f251f1f4e4e3be13a689dca69
AASCE:342,342,6280ce353f495a305f1ac0f9a6e49c894fb7242b6b51c826c3b31d74cba5c70c,LOCKED_BENCHMARK,ae9cb7e9a01baf49b7bd5f22895cf37ec4e6e9a28b579364508b51bb45386b9b
AASCE:343,343,573b9ca276f2c7d5fa68b0328c7c7765eba0266a5026a3a3199637b46747139d,TRAINDEV,3988398e0fb3d38c77cc80861bf2277ecda81808443daf3f56526e607b16b15d
AASCE:344,344,9945ac51499219e92957562a67aba1abc7210bcd7d5cdb7ca265eae25246b5c2,VALIDATION,e052bca1d463d0daf10a741df9e04941bee4b1eeb56fa9d1f4464a95ce5bd6b5
AASCE:345,345,90939a9fc08cb13e8ee63e493575450eb93a7f18f0e8cc7d62cb548e531909c0,TRAINDEV,8534beb0c2a4444cd114ec6b0f837cf7b700f9e5137f041167fa8744f9e7a99e
AASCE:346,346,fb6ab48ca7612e2191d28d27fb08b0c4416b65a4a39191bd49a72a1a00cc8e56,LOCKED_BENCHMARK,7b349b512d2dc0f9d39a2c1f94558984a2bfed0d43642261c02e33d3f7a13879
AASCE:347,347,70180120de20a3875071d7aa7d3062a07977de190a872866889d5202d78020de,LOCKED_BENCHMARK,701119578cab8c93f89684986e58b803429c357cf5f081629a0629086210407e
AASCE:348,348,70180120de20a3875071d7aa7d3062a07977de190a872866889d5202d78020de,LOCKED_BENCHMARK,1046bddc0a2d4a2765c2cd0cb621f0831e607c8fecd499a0d6d9251ece1474e3
AASCE:349,349,31212b82d6dd4852e5358a57f101453b114ce826afc21bccf3b3cfcd287e0d3a,VALIDATION,be5c8cb5e8aeffd8524820c3d53052dfe3c4276e2356dd4a19b950ad98333cfc
AASCE:350,350,cfd85051238595ce036390d4d33d0e419925cfde238b07fb43b417d2bca746f6,TRAINDEV,9319017cbe1b8e737e2931f43ec25b32a3c5778580b4e4460f26cf205f4274a4
AASCE:351,351,98dd72e166d605543633d037848b0eefbf302a73f8682d78a826ae2c399cf8ed,TRAINDEV,d03e582a7c5b6e024377c5c2e45ac93f2be79156b777ca2246a8d59419558eff
AASCE:352,352,98dd72e166d605543633d037848b0eefbf302a73f8682d78a826ae2c399cf8ed,TRAINDEV,57e244ea4b48d9c3282ca35a75eba7a5919b314d2cda30717b3048b3017f9224
AASCE:353,353,98dd72e166d605543633d037848b0eefbf302a73f8682d78a826ae2c399cf8ed,TRAINDEV,bec9b2c9b903110cb60afa3944049cbcbd38947a76be895bcf0c171b002726c5
AASCE:354,354,98dd72e166d605543633d037848b0eefbf302a73f8682d78a826ae2c399cf8ed,TRAINDEV,8565ed5f09a832b3bb22acd6daf53bdc632cdb14f58e5f7d99a853b1822bd082
AASCE:355,355,98dd72e166d605543633d037848b0eefbf302a73f8682d78a826ae2c399cf8ed,TRAINDEV,b738a990979281cd40d1a4a747fd4fb21689fef480ccc17b94a0506807555bf6
AASCE:356,356,86c6c27c69d764be1721de7bcf40e95a36567f9b821f0e3f30b70eb63c766177,TRAINDEV,feb9b76ae27e4127f39757359fccc9c35fa5a3b884a058623f2a749ce7f6fd21
AASCE:357,357,6f5a220ab45d4c0f6f43a3f21097462bb0e5c51f0709907c9380e362ab3bbd08,TRAINDEV,f81cd608e467117589edf168fc7f5000b8d366c9ade0806d3fb986881a111824
AASCE:358,358,6f5a220ab45d4c0f6f43a3f21097462bb0e5c51f0709907c9380e362ab3bbd08,TRAINDEV,36d2a2e90c6d110ba9d5d1265d012fa99369be8020556566aafe1af2d8c4715a
AASCE:359,359,6f5a220ab45d4c0f6f43a3f21097462bb0e5c51f0709907c9380e362ab3bbd08,TRAINDEV,8d133fbc306dcd2b32618f39ba6d5713d524a8c350c1e8f4a72b4894b3951224
AASCE:360,360,f727bcfcc8a2e2be38dcbbb0bb759c79e921ba36725db4a448ef2567a860c07e,TRAINDEV,d399a47ddff92211325845a211f97b5667d12290b5b062bb8165240e8f31aec5
AASCE:361,361,f727bcfcc8a2e2be38dcbbb0bb759c79e921ba36725db4a448ef2567a860c07e,TRAINDEV,719dc8dd8d514602daa9538724663d978ec455589140dcfb0fa9b639b4fc072f
AASCE:362,362,f727bcfcc8a2e2be38dcbbb0bb759c79e921ba36725db4a448ef2567a860c07e,TRAINDEV,f0ae02ac51868407531b9b19484f5d492618be3bd447728311f43ca570d9b2d4
AASCE:363,363,f727bcfcc8a2e2be38dcbbb0bb759c79e921ba36725db4a448ef2567a860c07e,TRAINDEV,d0c7e681b4a840134aebbf7f19647d835da22e7184620fdc6b0aa6a876e1903d
AASCE:364,364,5939fe0e3b5d377b7ba00c2298197d580494752fef5cabfe1cbc9e67fdd375f7,LOCKED_BENCHMARK,9e11120d3155fec68d65ad870bbd5c3dea2dd304e49f4805aeb8d79a096c9ae3
AASCE:365,365,5939fe0e3b5d377b7ba00c2298197d580494752fef5cabfe1cbc9e67fdd375f7,LOCKED_BENCHMARK,770ff110be8406c5bebe8608fc07fb1d7bc301e9b6670ef351c0e530109cdadf
AASCE:366,366,b47fd3112123c6999329141f459f4d3f683954624372e988ba97e00fddeddf05,TRAINDEV,3eb4290f8d4181851c0e01ec899e714d5e2b23b4e211e3694b31da794e11f011
AASCE:367,367,51094048841f8b1213c8430e26c376b3e293e1209ba111f8f18a77efa4727d1c,TRAINDEV,8c8a0e67af53cef1ad941a9e0ab1684ab9503bb39e8ce2d3ce0829bd5f9611b8
AASCE:368,368,51094048841f8b1213c8430e26c376b3e293e1209ba111f8f18a77efa4727d1c,TRAINDEV,e9b21bb7b9a0be47395b54ad29320a6fd6ad4a9d9056a1e068883d66eab854d1
AASCE:369,369,51094048841f8b1213c8430e26c376b3e293e1209ba111f8f18a77efa4727d1c,TRAINDEV,321ba600ac6afb776aee7f361cd758b3c3043e13e015fee13bb2e6e83d76d11e
AASCE:370,370,01ccfef06c42e9be83e02d1ac489902f7fd680f7b9594c48fa3695cf7ea13143,TRAINDEV,340ccbd08726ec8ce85648af3238e487596df2aecc19d8bb7131675b4b52d500
AASCE:371,371,ca806c3619a520f6cb68bcbb7bf541ad33b72fab7651806b31a0da913b3cfde4,TRAINDEV,894baa24cb77d9b1f280603ce0200ca3b1c666257982ee5008ca6777b717623b
AASCE:372,372,ca806c3619a520f6cb68bcbb7bf541ad33b72fab7651806b31a0da913b3cfde4,TRAINDEV,b8c362ef800d61cfb4466b7dfa3a09bc8ba2ea5ec132876f873c35ed01aa4ee8
AASCE:373,373,ca806c3619a520f6cb68bcbb7bf541ad33b72fab7651806b31a0da913b3cfde4,TRAINDEV,7d11754fde9f06d231c945361a0fd76b8d8cb0af2100800227cc1b9b3ee26517
AASCE:374,374,ca806c3619a520f6cb68bcbb7bf541ad33b72fab7651806b31a0da913b3cfde4,TRAINDEV,3b3a524ad3eb5e4187d4dfd13a9bcbd6d0c11c7db2574e9f7c57143221a07760
AASCE:375,375,6f5c97956574979df44dbf0124b44015170a27a6ae380c2835dbd4a12c3bc637,TRAINDEV,16573a0d7eee1e837a38d271445bbd24db901882b334d274f6d4fdabf208a969
AASCE:376,376,6f5c97956574979df44dbf0124b44015170a27a6ae380c2835dbd4a12c3bc637,TRAINDEV,fbe3f7997922cd88410e2222772ef42434f0057096d965ef413ae4f9230032a8
AASCE:377,377,6f5c97956574979df44dbf0124b44015170a27a6ae380c2835dbd4a12c3bc637,TRAINDEV,435ac862b389404dca04de72c20c32dba8c15d866abc2fa0ba3b0082929edb35
AASCE:378,378,6f5c97956574979df44dbf0124b44015170a27a6ae380c2835dbd4a12c3bc637,TRAINDEV,99ba20a4d2f3e95fcecc3baf9b763cd24a1654012d706441d24314bde1882d42
AASCE:379,379,7e7a6b296827e8e2652bed9a1c0d71259ad4ef574ae360dfded755430865d143,VALIDATION,2c6262a9b41be5474b1e7bc8fa727425432b805529e740775d028fdb3790d5a6
AASCE:380,380,7e7a6b296827e8e2652bed9a1c0d71259ad4ef574ae360dfded755430865d143,VALIDATION,41d5d1d9a6a30f54a2313c55c9a900e97b9d32bf1b89441a895b59e1a864f89d
AASCE:381,381,b366bebf7a587ba96d340cded230fd135295e9a3b169204478c97b4c6d510681,VALIDATION,648fd887f489964113d722475eb57ded0f5744bbec30c3938fbea06a0dedd661
AASCE:382,382,a2bd58b2259b2d2e0df1e783adc08b7d13448afd46ceb510c268a452857afd1c,VALIDATION,e49a8b8b661d06a2d06d5c2ee1cf7aadda168754fb0f44c7dca43d2a45ecf683
AASCE:383,383,a2bd58b2259b2d2e0df1e783adc08b7d13448afd46ceb510c268a452857afd1c,VALIDATION,060fca4d634f4dfdd7840a575d314482a401c0479941b4716a8a79213a2559cc
AASCE:384,384,4561008ffa42f3c98fc2b669339d968f594d4221a8c2ce1f6c7f040f9ae0f2dd,VALIDATION,3d2ca36ad0034d6b49a7f59c53dc0a0e10eacfad43dad85ff7a2b009c16a9c32
AASCE:385,385,4561008ffa42f3c98fc2b669339d968f594d4221a8c2ce1f6c7f040f9ae0f2dd,VALIDATION,c722d4afdc9942890b1bbb1de783b96a08000f54926c2db3b63632c02b958097
AASCE:386,386,4561008ffa42f3c98fc2b669339d968f594d4221a8c2ce1f6c7f040f9ae0f2dd,VALIDATION,84eaae38ecf1460b3d9e81d90c27e8575c5cc0054075197ad2461066f371a248
AASCE:387,387,cc0da5d3d0edd4ff94ce49e8171a6279aeee82ffbe526869f2e6dea473cc5012,VALIDATION,47ea271d6f59eca22ae073a5e33600db6a93cfb1e5ed7f5dcbaa71b0f2bb0607
AASCE:388,388,cc0da5d3d0edd4ff94ce49e8171a6279aeee82ffbe526869f2e6dea473cc5012,VALIDATION,68c6e384760ba158e16ee386e72781578602f4562cef7edc4d7232700f24353f
AASCE:389,389,cc0da5d3d0edd4ff94ce49e8171a6279aeee82ffbe526869f2e6dea473cc5012,VALIDATION,6c0b84ece76977f76367ce98ab39b6f4a2ef18e4b7ca6b6e2f1177b3a82687f3
AASCE:390,390,cc0da5d3d0edd4ff94ce49e8171a6279aeee82ffbe526869f2e6dea473cc5012,VALIDATION,72651cf1030d3a3807afe844870b494b77f7b8d93d7e4af5006c75c89ba986db
AASCE:391,391,655d648c474f832993a2f62a3288df8722d18c6d6706be451ad40fb486569348,TRAINDEV,7c7e5441cef7ad956c311c2b27bbc8998a103944867da22be6875f05d9b2df13
AASCE:392,392,655d648c474f832993a2f62a3288df8722d18c6d6706be451ad40fb486569348,TRAINDEV,eb58585571d98f48ff10406e65d4f7e3bbb495e9ac07a773c9344f162196ca7a
AASCE:393,393,3d0068806ab29221ea53fc0cdfb6a4fde9dc23e8b953db5bb70b52a4d8151a1c,TRAINDEV,a2f093a579fa5692e0bf427100b44b060707d25c73881c31b617c2de75db5941
AASCE:395,395,34815e2d0b62220740e27b665ee58c14fd1687bb9edfafda288c989355a20dff,TRAINDEV,aceedac27f6b3932a92a4c42290682110e48b1601d5a5ea1d3bc5cac0043aedc
AASCE:396,396,34815e2d0b62220740e27b665ee58c14fd1687bb9edfafda288c989355a20dff,TRAINDEV,6787a1fb62265edc5a62df2b410ea225be20c8c125286c6449f947540c8d5f56
AASCE:397,397,ad0624fa69e6afe7216643607ac3b589d9fbfc07a5920cce0a42578f2a11603e,TRAINDEV,8a750383de39134fe296dfe09d1ab0a2eb98088b673aceceb2582c7583e1fbb3
AASCE:398,398,ad0624fa69e6afe7216643607ac3b589d9fbfc07a5920cce0a42578f2a11603e,TRAINDEV,c63a933888362295401b24c4e067d6976d9986129effca4288f543300b4c511d
AASCE:399,399,881bbee6ff4df32acf872968ff169a2a4866fd67023f650d1db1782dd415098d,LOCKED_BENCHMARK,16ae13375bf910e6a529156d7c98c9ffcab56a9ad0c70cc08d1f9eb3a2be96f4
AASCE:400,400,881bbee6ff4df32acf872968ff169a2a4866fd67023f650d1db1782dd415098d,LOCKED_BENCHMARK,cf62167d40bb112bdc512bf63f8dc41116c701c56dca436cf8bf5ddde206a783
AASCE:401,401,881bbee6ff4df32acf872968ff169a2a4866fd67023f650d1db1782dd415098d,LOCKED_BENCHMARK,56a65778ee321f087ecc9d87aa28b86a021e22122de6620e1890f1813563db13
AASCE:402,402,ceafd975fc99c405ec91671ff6f440219bd717bf7fca51c756358008850049cb,TRAINDEV,268a91ad7241388f93435a5ecdab5cfe0ec9eb7169a33ac1ac5109cf14a351ea
AASCE:403,403,ceafd975fc99c405ec91671ff6f440219bd717bf7fca51c756358008850049cb,TRAINDEV,7d6b4fab54a7b81b4dadc4a6e6632d1a84883106071b862306c5dcab1a841921
AASCE:404,404,d7483667a9ffea711f906309b5f33b15c6ced40a617b0d2a348939da76234e24,TRAINDEV,f614d46a058a926196d98b018a7d358db4d402d093d2f270399881561574effc
AASCE:405,405,d7483667a9ffea711f906309b5f33b15c6ced40a617b0d2a348939da76234e24,TRAINDEV,0ed3955e7bd99a958c4de9c380dd969b5e0c7338d2608503afd115fc75023aef
AASCE:406,406,32e027cb6e75ed93c022311afc974befa189d04b89dd07b32bd042f453da3f74,TRAINDEV,a07380f2d4c9172bb1136e7f768552c5b902d848cf3102876469a930e909344e
AASCE:407,407,32e027cb6e75ed93c022311afc974befa189d04b89dd07b32bd042f453da3f74,TRAINDEV,9e523b21ef90c3ac1c056c7e304d22f1255fefa59304db39eeb283ef3d459c64
AASCE:408,408,32e027cb6e75ed93c022311afc974befa189d04b89dd07b32bd042f453da3f74,TRAINDEV,f76ffbdb1f8007730f44d4c3dd9bf5902dd9c22bb9b084ab47312dc7d4e139e0
AASCE:409,409,32e027cb6e75ed93c022311afc974befa189d04b89dd07b32bd042f453da3f74,TRAINDEV,79df0d892281da4f7a01ad63d03e856338a82656f1da730901d611141b33b722
AASCE:410,410,89c24d468ff107173519388e6916084c2278f3bd19a63dabaafe8600cbce6124,TRAINDEV,444c6041bce650cc5f91b7019dacd98739f59c554f87867a8973d6c4e2323e06
AASCE:411,411,89c24d468ff107173519388e6916084c2278f3bd19a63dabaafe8600cbce6124,TRAINDEV,ef0f284bd62d8e3165339cd4d3f7eefcf88bb966d7821365f4854121b6aed1d4
AASCE:412,412,89c24d468ff107173519388e6916084c2278f3bd19a63dabaafe8600cbce6124,TRAINDEV,56c173d237d748b6f70418176934b109fbafe3b46431bbd8d834e969348b0d76
AASCE:413,413,530599a9d0e46e8553bc1d0ce32d4a74dd37c48649ae0b85d0196a3fa97190f5,TRAINDEV,9b77d2fc82b688c33f0671b57e52ed39c75bc33a0f175c244eaefd462f159a17
AASCE:414,414,530599a9d0e46e8553bc1d0ce32d4a74dd37c48649ae0b85d0196a3fa97190f5,TRAINDEV,95754a95b51a8d581e74cc5b82f7c5aed3232f7f307ece91a7b2afb2a4e4157c
AASCE:415,415,823ef6714985c023e9b22dfeffc6f3287d013b71817a50acb42e7ddcda6e0afc,TRAINDEV,ad737333a91656956d5c05cfdd77f55f83da3ea46803509eae67a5d97531d0cb
AASCE:416,416,823ef6714985c023e9b22dfeffc6f3287d013b71817a50acb42e7ddcda6e0afc,TRAINDEV,6b5a3b7d95631f3d0c3c5d58423c713e46b31bf79b43aa2c244e695fd959f1ea
AASCE:417,417,5119c2438d4d70616ac29631b041f41183ef9b5bae5b2eaaaa24eaed42cae22b,TRAINDEV,a6c218efc8819cf6e1c215c90b318b495fac8d9b1a81dfe48a531d355dc81e1b
AASCE:418,418,5119c2438d4d70616ac29631b041f41183ef9b5bae5b2eaaaa24eaed42cae22b,TRAINDEV,00ca66202e56f70a730afefb652758142b0f6d4482cb8ec0502b02dc9189ed37
AASCE:419,419,5119c2438d4d70616ac29631b041f41183ef9b5bae5b2eaaaa24eaed42cae22b,TRAINDEV,64ee99446fdce8bd490f1c1e36fdb4fb3fc0ee7a14f4a17e24b99e708745fce0
AASCE:420,420,bf88915bd61aa754cf7b251f00637228ee1919c9b37c6e0871fa5c01f60ec2bc,TRAINDEV,b25570c5344617001829f3d7f579b5c49c456b10ca7c83bfaf4bbac6faa072b1
AASCE:421,421,d9a35e3a7b1f66374578ed1dadc5515156dab7ceab89a5e42ac82e976058f795,TRAINDEV,2f6c4dcc07b1b596f6e9dc16083459b0abc4c68ce06cc3f41ad4caa6c1239c51
AASCE:422,422,d9a35e3a7b1f66374578ed1dadc5515156dab7ceab89a5e42ac82e976058f795,TRAINDEV,75674c9f4c5ba2d7bcc37dbdea2ab0813fb2166dc72f4c7c10a412ba6b37dc91
AASCE:423,423,d9a35e3a7b1f66374578ed1dadc5515156dab7ceab89a5e42ac82e976058f795,TRAINDEV,511cc7913cf8ed209dd8f9a54eb766b2314cba4b17225a9421d093a2769f6f9e
AASCE:424,424,07fd387fa382aa7c1e128a3602c250680a7058ffa6ca004108f8d101e9d90c8e,TRAINDEV,6f75f8635598a2e32b55d5bbae609fd72a9a8d799e9a07cc6c113507f681a8e2
AASCE:425,425,07fd387fa382aa7c1e128a3602c250680a7058ffa6ca004108f8d101e9d90c8e,TRAINDEV,e6b91a8201f7d2a35f911333f3de22a2207fc17ad6e12bcbe14234d82c11b5d1
AASCE:426,426,07fd387fa382aa7c1e128a3602c250680a7058ffa6ca004108f8d101e9d90c8e,TRAINDEV,080ef1a5ac45c3a5f5be08662abb03bb6d6b1153087cf64cbf298c8e4192cb45
AASCE:427,427,abc3c413df4c1c0cea0d2ca6d6fdf906af36afecf221b85aefbf2218e297f314,LOCKED_BENCHMARK,814631bb779c86f2229fde1f9b6bbad1646afcf4bfa5108b443f148236fbe621
AASCE:428,428,30711d40ce816d1619aa753eaa652012a5defa8538290f14a6581c84b2246227,TRAINDEV,4c25d79b6d51ed91b5105fd79018a0eb4e12a8ee319da806c98e68a2bb079e4b
AASCE:429,429,089935a2c01a105ca1619629ade02bccfe10612cce24c16def6a0f4f7049f0f8,TRAINDEV,db5abaea68ff95f897969bf675c73f853013159c89a3ca49aa0a2a1b0aecb4ae
AASCE:430,430,43d5472fcff7d67aefe68a017db9e6d796d58d1d273b572ce56419acc127f289,TRAINDEV,0c8483a7e4698507369aec228e25213c3e2c9859cb26a4dd425908afba4a55a8
AASCE:431,431,d49142b044b45700d30159c8a5945748451f37f4d6ad6fb3abeec34591df100e,LOCKED_BENCHMARK,8af6af8759332f44ba47662af06686866508ec071b90090bf1fa88822dc521cb
AASCE:432,432,68d6ade40ae7e6cf66a0f9103f12739ba3e66f4ca110ec981d5705bb196f0a2c,TRAINDEV,8ad7151bfa84287da7c7834726cd1179c712625999e18d6aeea0940421329fc8
AASCE:433,433,9b5f2f34b79517629d46db5d7de2b93bd00cf56b477e960d5f38bcc23cac99f9,TRAINDEV,d86bf008c7b8f8e7966e3336b2c07fa137a583f12bddc415fd4d265dc26a05fa
AASCE:434,434,46358f92faa417f11abb99932bd371444200982a4e63c1139751acc8e919e548,TRAINDEV,fbf596ae61d17ba1746366689947ca904a8512feda33133fb7055383e44cc095
AASCE:435,435,46358f92faa417f11abb99932bd371444200982a4e63c1139751acc8e919e548,TRAINDEV,4ca4696a0b220c6b6fa5391b4c55bb27a159ea0530b0825151070fc37783db73
AASCE:436,436,46358f92faa417f11abb99932bd371444200982a4e63c1139751acc8e919e548,TRAINDEV,16c62297a7d6be85daa4ed6f30d773bb3553bf4b21ad9cb1b9e9fa019d993a94
AASCE:437,437,f1ca51ca32dad3580148ca7e3bfc3fd9ab359d4c1c627a49af87596d4e41450d,LOCKED_BENCHMARK,057def30924d1881ae7032da6853c76de0e7974b8339a8987ec09153d26d9c63
AASCE:438,438,8daab11c2451222efac80b9e06bc5380c06bdd8b6dd00d85b63689f3e070cd04,LOCKED_BENCHMARK,ed54cccca84964eeb08178bb9565260989537eb768969c1a7241396f5e8ea28d
AASCE:439,439,8daab11c2451222efac80b9e06bc5380c06bdd8b6dd00d85b63689f3e070cd04,LOCKED_BENCHMARK,32524fb22c024015caa885a76eef3945fff66e3a5e80fb7318f03ef977749e2b
AASCE:440,440,ed67b04377376ad9460ff27ddb8f476ad52cdec14417fffd0a44d1a0ef04b4f7,TRAINDEV,39e997dee1e3561128bf9364a16c35d5beb8b56ae0367c5c7db3e2c1c9009235
AASCE:441,441,753a9c11998135e2722c7f2556a5eee93c1d2e55344577123f931810ac92a0d4,TRAINDEV,2d7115f326aaa87c0c99177ee9cd05330a1b6c8e36cc60d3b6549a137cba6554
AASCE:442,442,753a9c11998135e2722c7f2556a5eee93c1d2e55344577123f931810ac92a0d4,TRAINDEV,fe6c4d94173a893b287378ebdd43c427b6f9dcdc38d0de275824908a66816a53
AASCE:443,443,84c78b66694b7091cc86023de687c1c819c01b54108a761f95244366cd704b61,LOCKED_BENCHMARK,8627c1fb7c0979b2c1ccf368e7c1d02b72325033b90da06252f53cae826fc35a
AASCE:444,444,84c78b66694b7091cc86023de687c1c819c01b54108a761f95244366cd704b61,LOCKED_BENCHMARK,d7cd393fa8448d1b399bcf4c00ac4c87ccbd987562fc3b46e66e1c6d036b8bb0
AASCE:445,445,84c78b66694b7091cc86023de687c1c819c01b54108a761f95244366cd704b61,LOCKED_BENCHMARK,41b7988e111f1b213c3950e525909a808f7a82f90c7c0f02460f407c202d3fd2
AASCE:446,446,edc85a2981f07381d9996f6c74326c57fef5478c35449122e44aefd40819d402,LOCKED_BENCHMARK,61cb7a713aef04403493f68453a6aec4c09839b4a6d282f670216ab3a8b804fd
AASCE:447,447,edc85a2981f07381d9996f6c74326c57fef5478c35449122e44aefd40819d402,LOCKED_BENCHMARK,6878428cd08a69fe138851adf6f3d9e0fe575f02df6ac59298fffb28bde6be16
AASCE:448,448,edc85a2981f07381d9996f6c74326c57fef5478c35449122e44aefd40819d402,LOCKED_BENCHMARK,0c4f49e05c89ff512bae20632a387d9d0423cbaf0c0e902471b0ea627b9bc287
AASCE:449,449,edc85a2981f07381d9996f6c74326c57fef5478c35449122e44aefd40819d402,LOCKED_BENCHMARK,4ac09dc9951c53c7741743d846b5a8905b39b9dfbdc33ffc5f9646d6cf27e1af
AASCE:450,450,8e0692b1e7c9504b3c1d8437b7ee93943122112d2328f64e991bb2d4e5184a23,TRAINDEV,170c926892740c56c5fad165eedbe85ee0472c6e4c13804a3fc8072951173851
AASCE:451,451,8e0692b1e7c9504b3c1d8437b7ee93943122112d2328f64e991bb2d4e5184a23,TRAINDEV,43109ccc473c8c9aab8a3d260b5b8a21d5615f74999b556070f7eb47fcf64213
AASCE:452,452,39f1e1b54a2118e01fb73a115e7d54c2fcde4784b61eee32b7a83ceb7be8081c,LOCKED_BENCHMARK,9bc2d8a47838a4324f6ab6beab65a426e4572f7ec752886be2a1880a8a5cc976
AASCE:453,453,39f1e1b54a2118e01fb73a115e7d54c2fcde4784b61eee32b7a83ceb7be8081c,LOCKED_BENCHMARK,a0f853066b70c899a099b6f659ed8e82df4a17713fb15261a437adb0619655b5
AASCE:454,454,39f1e1b54a2118e01fb73a115e7d54c2fcde4784b61eee32b7a83ceb7be8081c,LOCKED_BENCHMARK,665ea66a6bca9e459bfba02050903d8b9b2f94f3eb80c73f878b7b8abc7f6c93
AASCE:455,455,a036fd4f03be29916f215255dbc27ae78516aac3685c6129cef8f6fc43796cb8,TRAINDEV,cb48dc769b0b6eb59f80e31343434379ce92cd848a8239529eada418de00e085
AASCE:456,456,e443a30a6248f8d132a0f33bb83a25f60d3932d9d3ff230cab7f9439c4687556,LOCKED_BENCHMARK,3f41bc314a296423c32de7d5b6c5f0bd037693f20aeb3a8c45ed1cbe6ec8c15e
AASCE:457,457,64e0021bdc330fc0bbf28cc57355dceb1227c83ab62edc37bbf6e35559c7cdb2,TRAINDEV,aec665e31762bd3d00ce0daa2f721e1a4b45740fe3efcb475055394e89f8722b
AASCE:458,458,19b77d9b1b219311d079321119c4b0d1e031f7b0294b9879801d37f498550c50,VALIDATION,90ceb30162b6984ae700f6b6e2fb9a892505c4d3753413e2a91e354b0a68f803
AASCE:459,459,dc0325b9a4a3fca17fbe1b5e2cb3c9f2fea4ff045b8b0daa3d7703af577049ff,TRAINDEV,542fad7fa14d8a57d16e6609e01731248baf071f3d98d172f0bbbc524a441b88
AASCE:460,460,95f73bba360a521e1719de291bc3e6705fbb8910c36a635f64e8967120e74392,LOCKED_BENCHMARK,d7db42dadc706638308e9f3893a66406cbee7df239063b5f13a9de5dc16815af
AASCE:461,461,95f73bba360a521e1719de291bc3e6705fbb8910c36a635f64e8967120e74392,LOCKED_BENCHMARK,92188aaee9df153560566c5078127371a117b0a892052c02a7965c4fb6721c4e
AASCE:462,462,ef409efa41c126d48b899377dfffc1c0694319d69816031fa40d7ab3fb083a3d,VALIDATION,421524d043cba7f06a90de2495af2ad7c00983459273329b0802fb967bf84d16
AASCE:463,463,ef409efa41c126d48b899377dfffc1c0694319d69816031fa40d7ab3fb083a3d,VALIDATION,0a71fdc0c2daa556f8e95b488b77dd81f1e257635521f336c7d54b3840709f00
AASCE:464,464,ef409efa41c126d48b899377dfffc1c0694319d69816031fa40d7ab3fb083a3d,VALIDATION,b5451a77a0f8f9376cd07998ca692e208dcd4a965fd4f213f8942a077a3680a3
AASCE:465,465,ef409efa41c126d48b899377dfffc1c0694319d69816031fa40d7ab3fb083a3d,VALIDATION,c92b25e337c8c630c6c5135a60015ff8ea14e4a5bfbd47adf49f078eac3f89ac
AASCE:466,466,45ecb14d7cf48a27fefadcef3a804145776c8f9f378e628bc9c833ed61d0e076,TRAINDEV,d30d35fb8cdbb4eb62562863ce477889d4ddf1d0bd05a6ac7bb3c26b4dd6ac79
AASCE:467,467,45ecb14d7cf48a27fefadcef3a804145776c8f9f378e628bc9c833ed61d0e076,TRAINDEV,92c63f3db16385c487bdce36698d1716ee43cece16f4d1b2e260f9ba349e14ef
AASCE:468,468,8b737873eb76f3039f6753144d4f1a4c959b171bd61bdf09b65144c9a721c122,TRAINDEV,5acd8ad86d9ecc4344cae809bf7c1d1e450ccd1bf31b4307dc67b356b3732d83
AASCE:469,469,8b737873eb76f3039f6753144d4f1a4c959b171bd61bdf09b65144c9a721c122,TRAINDEV,83d06e36c70d1c4a8e323d069e54f9f4bd4f07172ec18977e2b88d138b096206
AASCE:470,470,343e9defaf02a548496c413b36683de80c98d8a172ed9ffc59e5a266ff36bca0,TRAINDEV,947b4e2d18c2a78b8720cc43f9c61fd3ab9f75f02baab638a51477af4d0c638f
AASCE:471,471,343e9defaf02a548496c413b36683de80c98d8a172ed9ffc59e5a266ff36bca0,TRAINDEV,127f0b5828a63d2dcc9e994e2f2a4e134d43b393f6a3a8ec21b0af4ea392af33
AASCE:472,472,343e9defaf02a548496c413b36683de80c98d8a172ed9ffc59e5a266ff36bca0,TRAINDEV,16c99bdc42c438783024dd81d9574e845625a9789d01e4e1c80d0910172f4eee
AASCE:473,473,39f1e1b54a2118e01fb73a115e7d54c2fcde4784b61eee32b7a83ceb7be8081c,LOCKED_BENCHMARK,bcdac20f8ffbad8848c2a88f9ed18198b7babda2c57609bcf11770c462c3fe79
AASCE:474,474,7f9bf05b8e2ac1d78ec3efc09416d8ccfa4eeb0b69a772b3a39bf07209c52ee0,VALIDATION,ae77692178a707182cf96db5846f9a4446b4b068bf136a97bf50f78db256df40
AASCE:475,475,5f2d747c9ff5dd4735694b46a02e1f93e47777a44df8331073012e26ee0253a5,VALIDATION,74ca5c0d01bd5833f1d7afcfff85f8c33ef6e259e8382c37bdf58077ccaafa37
AASCE:476,476,078969302c8b6dd96fbdec1e9eb7e73e3ebf1ff81e0ff8e1e9ce8034362fd060,TRAINDEV,0d0df2ff3c6d7a5cb6dc19a410b512764644b3a87aedf6f558a02139d9d564c8
AASCE:477,477,5f2d747c9ff5dd4735694b46a02e1f93e47777a44df8331073012e26ee0253a5,VALIDATION,13e03a929972d4d15c772676f3956d8a833d92e62703a08b883c1a478f4fadab
AASCE:478,478,5f2d747c9ff5dd4735694b46a02e1f93e47777a44df8331073012e26ee0253a5,VALIDATION,e38752ad6f30f46feb4a1875f6502e5a97bfdad22dcc80903061830c2003bcd2
AASCE:479,479,59c4133f6c905d5c27384eaf0c4ce7a65670d3a879a6d77ce42e4ee1aa6b5289,TRAINDEV,f7c04ed8bdd7039454cd23c370b4329d0d92fc6dc7263daac76a6e68428a6b6d
AASCE:480,480,e1271938a62f09d41358ca07b70d98bc221aa2ba0011aa7afeb906d9c40f9b67,TRAINDEV,48b2cceae458b6c8fe6a71b54ec41faef5bc7b8adc823801f452abd882faaf9f
